city,time,temperature,apparent temperature,relative humidity,precipitation,dewpoint,freeing level,pressure
Rome,2021-11-04T00:00,17.5,17.8,95,1.93,16.6,3204,1003.2
Rome,2021-11-04T01:00,17.0,16.2,84,0.3,14.2,3092,1004.2
Rome,2021-11-04T02:00,16.6,15.8,82,0.03,13.4,3010,1005.2
Rome,2021-11-04T03:00,16.6,16.3,82,0.0,13.5,2990,1005.7
Rome,2021-11-04T04:00,16.6,16.1,80,0.07,13.1,2712,1005.7
Rome,2021-11-04T05:00,16.1,15.6,82,0.15,12.9,2484,1006.7
Rome,2021-11-04T06:00,15.9,14.6,72,0.0,10.9,2404,1007.2
Rome,2021-11-04T07:00,14.9,13.9,76,0.0,10.6,2310,1008.2
Rome,2021-11-04T08:00,15.0,14.2,76,0.0,10.8,2232,1009.2
Rome,2021-11-04T09:00,15.9,15.2,74,0.0,11.3,2202,1010.7
Rome,2021-11-04T10:00,16.8,15.4,68,0.0,10.7,2208,1010.7
Rome,2021-11-04T11:00,17.1,15.5,64,0.0,10.1,2278,1011.7
Rome,2021-11-04T12:00,17.4,15.7,62,0.0,10.0,2256,1011.7
Rome,2021-11-04T13:00,17.9,16.1,59,0.0,9.8,2226,1011.7
Rome,2021-11-04T14:00,17.9,16.2,60,0.0,9.9,2212,1011.2
Rome,2021-11-04T15:00,17.8,16.2,59,0.0,9.7,2232,1011.2
Rome,2021-11-04T16:00,17.3,15.8,62,0.0,9.8,2208,1011.2
Rome,2021-11-04T17:00,16.4,15.5,67,0.0,10.1,2204,1011.7
Rome,2021-11-04T18:00,15.4,14.8,72,0.0,10.2,2304,1012.2
Rome,2021-11-04T19:00,14.7,14.4,76,0.0,10.3,2376,1013.2
Rome,2021-11-04T20:00,14.2,14.0,80,0.0,10.4,2478,1013.2
Rome,2021-11-04T21:00,13.0,12.7,85,0.0,10.6,2494,1013.7
Rome,2021-11-04T22:00,12.5,12.2,88,0.0,10.6,2474,1013.7
Rome,2021-11-04T23:00,12.1,11.7,90,0.0,10.5,2518,1013.7
Rome,2021-11-05T00:00,11.6,11.2,92,0.0,10.2,2512,1013.2
Rome,2021-11-05T01:00,11.1,10.7,93,0.0,9.9,2476,1013.7
Rome,2021-11-05T02:00,10.6,10.1,94,0.0,9.7,2472,1014.2
Rome,2021-11-05T03:00,10.6,9.9,92,0.0,9.5,2298,1014.2
Rome,2021-11-05T04:00,10.6,9.9,90,0.0,9.2,2214,1014.2
Rome,2021-11-05T05:00,10.8,9.9,88,0.0,9.0,2264,1014.2
Rome,2021-11-05T06:00,11.0,10.0,86,0.0,8.8,2292,1014.2
Rome,2021-11-05T07:00,11.1,10.3,85,0.0,8.6,2300,1014.2
Rome,2021-11-05T08:00,11.5,10.4,82,0.0,8.6,2298,1014.7
Rome,2021-11-05T09:00,12.2,11.0,79,0.02,8.6,2396,1014.7
Rome,2021-11-05T10:00,13.0,12.1,75,0.04,8.7,2402,1015.2
Rome,2021-11-05T11:00,14.1,12.8,69,0.03,8.4,2426,1015.2
Rome,2021-11-05T12:00,15.0,13.7,66,0.0,8.6,2392,1014.7
Rome,2021-11-05T13:00,15.5,14.3,63,0.0,8.5,2294,1014.2
Rome,2021-11-05T14:00,15.9,14.7,64,0.0,9.0,2240,1014.2
Rome,2021-11-05T15:00,15.7,14.5,65,0.0,9.2,2320,1014.2
Rome,2021-11-05T16:00,15.3,13.9,68,0.0,9.3,2586,1014.2
Rome,2021-11-05T17:00,14.5,13.1,70,0.02,8.8,2678,1014.2
Rome,2021-11-05T18:00,13.8,12.7,74,0.0,9.2,2700,1014.7
Rome,2021-11-05T19:00,13.3,12.3,77,0.0,9.5,2636,1015.2
Rome,2021-11-05T20:00,12.8,11.9,80,0.0,9.5,2558,1015.2
Rome,2021-11-05T21:00,12.3,11.5,82,0.0,9.3,2558,1015.2
Rome,2021-11-05T22:00,11.8,11.0,85,0.0,9.4,2500,1015.2
Rome,2021-11-05T23:00,11.5,10.7,87,0.0,9.5,2492,1015.2
Rome,2021-11-06T00:00,11.2,10.4,88,0.0,9.4,2510,1015.7
Rome,2021-11-06T01:00,11.1,10.4,88,0.0,9.3,2496,1016.2
Rome,2021-11-06T02:00,11.1,10.5,90,0.29,9.6,2470,1016.7
Rome,2021-11-06T03:00,11.2,10.5,90,0.27,9.6,2462,1016.7
Rome,2021-11-06T04:00,11.0,10.1,91,0.05,9.6,2476,1017.2
Rome,2021-11-06T05:00,10.7,9.9,93,0.0,9.6,2494,1017.7
Rome,2021-11-06T06:00,10.4,9.6,94,0.0,9.4,2530,1017.7
Rome,2021-11-06T07:00,10.3,9.3,94,0.0,9.3,2618,1017.7
Rome,2021-11-06T08:00,10.9,10.0,91,0.0,9.4,2720,1018.7
Rome,2021-11-06T09:00,12.9,11.8,82,0.0,9.7,2776,1019.2
Rome,2021-11-06T10:00,14.8,13.5,74,0.0,10.1,2842,1019.2
Rome,2021-11-06T11:00,16.3,15.2,69,0.0,10.6,2826,1019.2
Rome,2021-11-06T12:00,17.4,16.0,64,0.0,10.4,2762,1018.7
Rome,2021-11-06T13:00,18.0,16.7,62,0.0,10.6,2752,1017.7
Rome,2021-11-06T14:00,17.8,16.8,66,0.05,11.3,2744,1016.7
Rome,2021-11-06T15:00,17.7,16.8,68,0.0,11.7,2792,1016.7
Rome,2021-11-06T16:00,16.9,16.5,74,0.11,12.2,2978,1016.2
Rome,2021-11-06T17:00,16.2,16.0,80,0.13,12.7,2988,1016.2
Rome,2021-11-06T18:00,15.5,15.4,88,0.78,13.5,2980,1015.7
Rome,2021-11-06T19:00,14.9,14.0,89,4.13,13.1,3114,1015.7
Rome,2021-11-06T20:00,14.3,12.8,88,1.45,12.3,3086,1015.2
Rome,2021-11-06T21:00,14.0,12.3,88,0.91,12.0,3138,1014.7
Rome,2021-11-06T22:00,13.8,12.1,89,0.53,11.8,3160,1014.7
Rome,2021-11-06T23:00,13.8,12.0,87,0.61,11.6,3116,1014.2
Rome,2021-11-07T00:00,13.8,12.3,89,2.37,11.9,3130,1014.7
Rome,2021-11-07T01:00,13.8,12.1,88,1.13,11.8,3210,1014.7
Rome,2021-11-07T02:00,13.7,12.1,87,0.27,11.4,3208,1014.2
Rome,2021-11-07T03:00,13.8,12.2,84,0.0,11.1,3224,1013.7
Rome,2021-11-07T04:00,13.8,12.3,83,0.0,10.8,3224,1013.2
Rome,2021-11-07T05:00,13.9,12.4,81,0.0,10.6,3306,1013.7
Rome,2021-11-07T06:00,13.4,12.3,85,0.0,10.5,3302,1013.7
Rome,2021-11-07T07:00,13.3,12.3,85,0.0,10.3,3262,1014.2
Rome,2021-11-07T08:00,14.1,13.1,80,0.0,10.4,3326,1014.2
Rome,2021-11-07T09:00,15.8,14.7,72,0.0,10.8,3338,1014.2
Rome,2021-11-07T10:00,17.9,16.8,65,0.0,11.4,3348,1014.2
Rome,2021-11-07T11:00,20.1,19.5,62,0.0,12.2,3356,1014.2
Rome,2021-11-07T12:00,22.0,21.8,57,0.0,12.9,3346,1013.7
Rome,2021-11-07T13:00,23.2,23.1,51,0.0,12.8,3324,1012.7
Rome,2021-11-07T14:00,24.5,23.7,47,0.0,12.3,3306,1012.2
Rome,2021-11-07T15:00,23.9,22.6,47,0.0,11.9,3268,1012.2
Rome,2021-11-07T16:00,23.1,22.0,51,0.0,12.3,3262,1012.2
Rome,2021-11-07T17:00,21.7,21.1,55,0.0,12.3,3216,1012.2
Rome,2021-11-07T18:00,20.5,20.5,62,0.0,12.7,3182,1012.7
Rome,2021-11-07T19:00,19.8,20.2,65,0.02,12.7,3102,1012.7
Rome,2021-11-07T20:00,19.2,19.8,68,0.07,13.0,3098,1013.2
Rome,2021-11-07T21:00,18.7,19.4,71,0.07,13.4,3110,1013.7
Rome,2021-11-07T22:00,18.0,18.8,75,0.07,13.8,3124,1013.7
Rome,2021-11-07T23:00,17.4,18.5,81,0.1,14.2,3120,1013.7
Rome,2021-11-08T00:00,16.8,18.0,88,0.1,14.7,3112,1013.7
Rome,2021-11-08T01:00,16.0,17.2,95,0.1,14.8,3078,1014.2
Rome,2021-11-08T02:00,15.7,16.6,94,0.01,14.4,3020,1013.7
Rome,2021-11-08T03:00,15.4,16.2,91,0.01,13.7,2942,1013.7
Rome,2021-11-08T04:00,15.0,15.7,88,0.01,12.9,2868,1013.2
Rome,2021-11-08T05:00,14.6,15.1,88,0.01,12.6,2868,1013.2
Rome,2021-11-08T06:00,14.1,14.4,89,0.01,12.4,2894,1013.2
Rome,2021-11-08T07:00,14.0,14.2,88,0.01,12.2,2908,1013.2
Rome,2021-11-08T08:00,14.6,14.7,86,0.01,12.3,2866,1013.2
Rome,2021-11-08T09:00,15.6,15.7,82,0.01,12.4,2800,1013.7
Rome,2021-11-08T10:00,17.0,17.1,78,0.01,12.8,2736,1014.2
Rome,2021-11-08T11:00,17.9,18.1,75,0.06,13.2,2728,1014.2
Rome,2021-11-08T12:00,18.8,19.0,73,0.06,13.7,2740,1013.7
Rome,2021-11-08T13:00,19.5,19.8,71,0.06,14.3,2762,1013.7
Rome,2021-11-08T14:00,19.5,19.8,73,0.07,14.6,2778,1013.2
Rome,2021-11-08T15:00,19.1,19.6,75,0.07,14.7,2798,1013.2
Rome,2021-11-08T16:00,18.4,18.8,79,0.07,14.6,2816,1013.2
Rome,2021-11-08T17:00,17.5,17.8,82,0.04,14.3,2812,1013.7
Rome,2021-11-08T18:00,16.3,16.4,86,0.04,13.8,2802,1014.2
Rome,2021-11-08T19:00,15.0,14.9,89,0.04,13.3,2788,1014.7
Rome,2021-11-08T20:00,14.5,14.5,91,0.1,13.0,2778,1014.7
Rome,2021-11-08T21:00,14.2,14.3,92,0.1,12.9,2770,1015.2
Rome,2021-11-08T22:00,13.9,14.2,93,0.1,12.7,2768,1015.2
Rome,2021-11-08T23:00,13.8,14.0,93,0.1,12.6,2782,1015.2
Rome,2021-11-09T00:00,13.7,13.9,93,0.1,12.6,2804,1015.7
Rome,2021-11-09T01:00,13.6,13.8,93,0.1,12.5,2826,1015.7
Rome,2021-11-09T02:00,13.5,13.6,93,0.09,12.4,2822,1015.7
Rome,2021-11-09T03:00,13.4,13.4,94,0.09,12.4,2812,1015.7
Rome,2021-11-09T04:00,13.3,13.2,94,0.09,12.3,2818,1015.7
Rome,2021-11-09T05:00,13.3,13.1,92,0.0,12.0,2864,1015.7
Rome,2021-11-09T06:00,13.2,13.0,91,0.0,11.7,2928,1015.7
Rome,2021-11-09T07:00,13.3,13.0,89,0.0,11.5,2984,1016.2
Rome,2021-11-09T08:00,13.5,13.2,90,1.21,11.8,2968,1017.2
Rome,2021-11-09T09:00,13.7,13.4,91,1.21,12.2,2924,1018.2
Rome,2021-11-09T10:00,14.2,14.0,92,1.21,12.8,2890,1019.2
Rome,2021-11-09T11:00,14.8,14.7,90,0.93,13.1,2912,1019.7
Rome,2021-11-09T12:00,15.6,15.6,87,0.93,13.4,2956,1019.7
Rome,2021-11-09T13:00,16.3,16.4,85,0.93,13.7,3006,1019.7
Rome,2021-11-09T14:00,16.7,16.8,83,0.01,14.2,3016,1020.1
Rome,2021-11-09T15:00,17.0,17.0,81,0.01,14.4,3032,1020.1
Rome,2021-11-09T16:00,17.1,17.0,80,0.01,14.6,3044,1020.1
Rome,2021-11-09T17:00,16.8,16.7,81,0.0,14.5,3034,1020.6
Rome,2021-11-09T18:00,16.2,16.3,83,0.0,14.3,3014,1021.1
Rome,2021-11-09T19:00,15.5,15.7,86,0.0,14.0,3000,1021.6
Rome,2021-11-09T20:00,15.1,15.4,87,0.0,13.6,3014,1021.6
Rome,2021-11-09T21:00,14.8,15.1,88,0.0,13.2,3040,1021.6
Rome,2021-11-09T22:00,14.5,14.7,88,0.0,12.6,3072,1021.6
Rome,2021-11-09T23:00,14.3,14.4,88,0.0,12.2,3088,1021.6
Rome,2021-11-10T00:00,14.1,14.2,87,0.0,11.7,3100,1021.1
Rome,2021-11-10T01:00,14.1,13.9,86,0.0,11.3,3116,1021.1
Rome,2021-11-10T02:00,14.2,14.0,84,0.0,11.0,3136,1020.6
Rome,2021-11-10T03:00,14.5,14.1,82,0.0,10.9,3158,1020.6
Rome,2021-11-10T04:00,14.6,14.2,81,0.0,10.7,3168,1020.6
Rome,2021-11-10T05:00,14.4,14.2,82,0.07,10.5,3144,1020.6
Rome,2021-11-10T06:00,14.0,14.1,85,0.07,10.3,3104,1021.1
Rome,2021-11-10T07:00,13.9,14.2,88,0.07,10.2,3068,1021.6
Rome,2021-11-10T08:00,14.3,14.7,86,0.08,10.3,3068,1021.6
Rome,2021-11-10T09:00,15.1,15.3,83,0.08,10.6,3082,1021.6
Rome,2021-11-10T10:00,16.2,16.2,79,0.08,11.1,3112,1022.1
Rome,2021-11-10T11:00,17.1,17.1,77,0.0,11.6,3140,1021.6
Rome,2021-11-10T12:00,18.0,18.0,75,0.0,12.2,3174,1021.1
Rome,2021-11-10T13:00,18.9,19.0,73,0.0,12.7,3220,1020.6
Rome,2021-11-10T14:00,19.3,19.6,74,0.0,12.8,3252,1020.6
Rome,2021-11-10T15:00,19.5,20.0,75,0.0,12.8,3284,1020.1
Rome,2021-11-10T16:00,19.2,19.9,78,0.0,12.7,3324,1020.1
Rome,2021-11-10T17:00,18.3,19.1,82,0.0,12.9,3354,1020.1
Rome,2021-11-10T18:00,17.0,18.0,87,0.0,13.1,3384,1020.1
Rome,2021-11-10T19:00,15.5,16.4,92,0.0,13.4,3410,1020.1
Rome,2021-11-10T20:00,14.9,15.7,94,0.0,13.4,3414,1020.1
Rome,2021-11-10T21:00,14.4,15.0,94,0.0,13.3,3406,1020.1
Rome,2021-11-10T22:00,13.9,14.2,94,0.0,13.1,3402,1020.1
Rome,2021-11-10T23:00,13.5,13.7,94,0.0,12.7,3418,1020.1
Reykjavik,2021-11-04T00:00,4.8,1.5,90,0.12,2.8,790,1010.8
Reykjavik,2021-11-04T01:00,5.0,1.8,91,0.33,3.5,831,1010.3
Reykjavik,2021-11-04T02:00,4.9,1.6,92,0.18,3.5,806,1010.3
Reykjavik,2021-11-04T03:00,5.0,1.6,90,0.07,3.4,805,1010.3
Reykjavik,2021-11-04T04:00,4.8,1.7,92,0.13,3.4,774,1010.3
Reykjavik,2021-11-04T05:00,4.8,1.1,90,0.54,3.4,741,1010.3
Reykjavik,2021-11-04T06:00,4.8,1.4,88,0.1,2.8,716,1009.8
Reykjavik,2021-11-04T07:00,4.4,1.0,90,0.26,2.8,716,1010.3
Reykjavik,2021-11-04T08:00,4.5,1.3,90,0.25,2.9,718,1010.8
Reykjavik,2021-11-04T09:00,4.5,1.5,91,0.26,3.0,722,1011.8
Reykjavik,2021-11-04T10:00,4.7,1.4,89,0.41,3.0,687,1011.8
Reykjavik,2021-11-04T11:00,4.7,1.9,89,0.19,2.9,679,1012.3
Reykjavik,2021-11-04T12:00,4.8,1.7,85,0.06,2.2,728,1011.8
Reykjavik,2021-11-04T13:00,5.2,1.9,86,0.17,2.9,749,1011.3
Reykjavik,2021-11-04T14:00,5.4,2.4,86,0.11,3.2,750,1011.3
Reykjavik,2021-11-04T15:00,5.8,2.7,80,0.02,2.7,770,1011.3
Reykjavik,2021-11-04T16:00,5.9,2.3,80,0.0,2.7,733,1011.3
Reykjavik,2021-11-04T17:00,5.6,2.0,83,0.17,2.9,725,1011.3
Reykjavik,2021-11-04T18:00,5.2,1.9,86,0.43,3.2,696,1011.3
Reykjavik,2021-11-04T19:00,5.0,2.1,90,0.45,3.5,740,1011.3
Reykjavik,2021-11-04T20:00,4.8,1.8,87,0.03,2.8,803,1011.3
Reykjavik,2021-11-04T21:00,4.5,1.4,88,0.07,2.7,791,1010.3
Reykjavik,2021-11-04T22:00,4.7,1.6,91,0.06,3.2,799,1010.3
Reykjavik,2021-11-04T23:00,4.7,1.5,88,0.0,2.8,775,1009.8
Reykjavik,2021-11-05T00:00,4.6,1.3,87,0.0,2.5,789,1010.3
Reykjavik,2021-11-05T01:00,4.8,1.4,87,0.07,2.6,782,1009.8
Reykjavik,2021-11-05T02:00,4.6,1.3,89,0.12,2.8,756,1009.8
Reykjavik,2021-11-05T03:00,4.3,1.4,92,0.24,3.0,684,1009.8
Reykjavik,2021-11-05T04:00,4.5,1.5,87,0.07,2.4,684,1009.8
Reykjavik,2021-11-05T05:00,4.4,0.9,81,0.18,1.3,639,1009.8
Reykjavik,2021-11-05T06:00,4.2,0.5,82,0.11,1.3,622,1009.8
Reykjavik,2021-11-05T07:00,3.9,0.4,85,0.24,1.3,647,1009.8
Reykjavik,2021-11-05T08:00,3.4,0.2,88,0.14,1.3,638,1010.3
Reykjavik,2021-11-05T09:00,3.4,0.3,88,0.27,1.3,637,1009.8
Reykjavik,2021-11-05T10:00,3.5,0.7,89,0.3,1.6,633,1010.8
Reykjavik,2021-11-05T11:00,3.6,0.9,87,0.17,1.5,629,1010.8
Reykjavik,2021-11-05T12:00,4.0,1.3,84,0.03,1.4,605,1010.8
Reykjavik,2021-11-05T13:00,4.5,1.5,77,0.02,0.8,598,1011.3
Reykjavik,2021-11-05T14:00,4.9,1.9,74,0.01,0.8,598,1011.3
Reykjavik,2021-11-05T15:00,4.9,2.1,75,0.02,0.9,584,1010.8
Reykjavik,2021-11-05T16:00,4.6,2.0,80,0.0,1.4,547,1009.8
Reykjavik,2021-11-05T17:00,3.9,1.6,85,0.0,1.5,525,1008.8
Reykjavik,2021-11-05T18:00,2.7,0.2,90,0.0,0.9,519,1007.8
Reykjavik,2021-11-05T19:00,1.8,-1.2,91,0.0,0.1,523,1007.3
Reykjavik,2021-11-05T20:00,1.9,-0.9,89,0.0,-0.2,705,1006.3
Reykjavik,2021-11-05T21:00,2.4,-0.8,83,0.0,-0.6,888,1005.3
Reykjavik,2021-11-05T22:00,2.9,-0.7,80,0.0,-0.5,921,1003.8
Reykjavik,2021-11-05T23:00,3.0,-1.0,78,0.02,-0.6,718,1002.8
Reykjavik,2021-11-06T00:00,2.7,-1.7,76,0.34,-1.3,483,1000.3
Reykjavik,2021-11-06T01:00,2.5,-1.7,76,0.31,-1.4,426,998.3
Reykjavik,2021-11-06T02:00,2.3,-1.7,81,0.63,-0.8,432,996.3
Reykjavik,2021-11-06T03:00,1.9,-3.5,83,1.04,-1.0,289,994.3
Reykjavik,2021-11-06T04:00,2.0,-3.2,83,1.05,-0.9,315,992.2
Reykjavik,2021-11-06T05:00,2.4,-2.7,81,0.66,-0.8,370,991.2
Reykjavik,2021-11-06T06:00,2.8,-1.9,80,0.52,-0.4,425,989.7
Reykjavik,2021-11-06T07:00,3.2,-1.1,81,0.35,0.2,533,989.2
Reykjavik,2021-11-06T08:00,2.9,-1.2,85,0.84,0.6,559,989.2
Reykjavik,2021-11-06T09:00,2.3,-1.6,89,1.51,0.4,558,989.7
Reykjavik,2021-11-06T10:00,1.0,-2.3,94,2.0,0.0,461,990.2
Reykjavik,2021-11-06T11:00,1.4,-1.9,90,1.37,0.0,468,990.7
Reykjavik,2021-11-06T12:00,1.9,-1.1,89,0.73,0.2,575,992.2
Reykjavik,2021-11-06T13:00,2.0,-0.3,89,0.41,0.5,649,992.7
Reykjavik,2021-11-06T14:00,2.3,-0.5,87,0.2,0.5,321,993.8
Reykjavik,2021-11-06T15:00,2.5,-1.1,86,0.34,0.3,330,994.8
Reykjavik,2021-11-06T16:00,2.5,-1.4,84,0.41,0.0,341,996.3
Reykjavik,2021-11-06T17:00,2.5,-1.7,83,0.52,-0.1,355,997.3
Reykjavik,2021-11-06T18:00,2.5,-1.7,84,0.31,0.1,376,998.3
Reykjavik,2021-11-06T19:00,2.7,-1.6,85,0.18,0.3,414,999.3
Reykjavik,2021-11-06T20:00,2.7,-1.8,85,0.13,0.3,402,1000.8
Reykjavik,2021-11-06T21:00,2.6,-2.3,86,0.13,0.4,341,1002.3
Reykjavik,2021-11-06T22:00,2.5,-2.6,86,0.08,0.2,318,1003.3
Reykjavik,2021-11-06T23:00,2.3,-2.9,86,0.05,0.1,280,1004.8
Reykjavik,2021-11-07T00:00,2.1,-3.1,87,0.08,0.0,256,1006.3
Reykjavik,2021-11-07T01:00,2.0,-3.0,87,0.11,-0.1,244,1007.3
Reykjavik,2021-11-07T02:00,1.8,-3.0,87,0.23,-0.2,236,1008.8
Reykjavik,2021-11-07T03:00,1.7,-2.8,86,0.16,-0.4,239,1009.8
Reykjavik,2021-11-07T04:00,1.7,-2.6,86,0.02,-0.6,246,1010.8
Reykjavik,2021-11-07T05:00,1.6,-2.2,86,0.01,-0.7,253,1011.8
Reykjavik,2021-11-07T06:00,1.5,-2.0,87,0.0,-0.6,253,1012.3
Reykjavik,2021-11-07T07:00,1.4,-1.7,88,0.0,-0.7,251,1012.8
Reykjavik,2021-11-07T08:00,1.2,-1.6,87,0.0,-0.9,259,1013.8
Reykjavik,2021-11-07T09:00,1.1,-1.7,87,0.0,-1.2,267,1014.3
Reykjavik,2021-11-07T10:00,0.6,-2.2,86,0.0,-1.7,250,1014.8
Reykjavik,2021-11-07T11:00,0.1,-2.7,85,0.0,-2.5,228,1015.3
Reykjavik,2021-11-07T12:00,0.0,-3.0,87,0.0,-2.4,212,1015.3
Reykjavik,2021-11-07T13:00,0.3,-2.6,89,0.0,-1.9,162,1015.3
Reykjavik,2021-11-07T14:00,0.6,-2.3,86,0.0,-1.7,84,1015.8
Reykjavik,2021-11-07T15:00,0.7,-2.6,79,0.0,-2.8,82,1015.3
Reykjavik,2021-11-07T16:00,0.6,-2.6,76,0.0,-3.3,80,1014.8
Reykjavik,2021-11-07T17:00,0.4,-3.0,77,0.0,-3.4,83,1013.8
Reykjavik,2021-11-07T18:00,0.0,-3.3,78,0.0,-3.7,40,1013.3
Reykjavik,2021-11-07T19:00,-0.1,-3.4,77,0.0,-4.0,17,1012.8
Reykjavik,2021-11-07T20:00,0.0,-3.6,74,0.0,-4.4,31,1012.3
Reykjavik,2021-11-07T21:00,0.3,-3.7,70,0.0,-4.9,60,1011.3
Reykjavik,2021-11-07T22:00,0.7,-3.8,67,0.0,-5.1,141,1009.8
Reykjavik,2021-11-07T23:00,1.0,-3.6,67,0.01,-4.8,274,1008.3
Reykjavik,2021-11-08T00:00,1.3,-3.4,68,0.01,-4.2,444,1006.8
Reykjavik,2021-11-08T01:00,1.5,-3.1,72,0.01,-3.2,579,1004.8
Reykjavik,2021-11-08T02:00,1.5,-3.2,77,1.03,-2.4,514,1002.8
Reykjavik,2021-11-08T03:00,1.3,-3.4,84,1.03,-1.4,366,1001.3
Reykjavik,2021-11-08T04:00,1.2,-3.7,90,1.03,-0.5,243,998.8
Reykjavik,2021-11-08T05:00,1.5,-3.8,89,0.76,-0.4,287,996.8
Reykjavik,2021-11-08T06:00,1.9,-3.8,86,0.76,-0.5,396,994.3
Reykjavik,2021-11-08T07:00,2.4,-3.6,81,0.76,-0.7,570,991.2
Reykjavik,2021-11-08T08:00,2.8,-3.2,79,0.41,-0.7,720,989.7
Reykjavik,2021-11-08T09:00,3.2,-2.6,77,0.41,-0.7,889,988.2
Reykjavik,2021-11-08T10:00,3.8,-1.6,76,0.41,-0.3,1056,987.2
Reykjavik,2021-11-08T11:00,4.2,-0.7,79,0.3,0.7,1093,986.2
Reykjavik,2021-11-08T12:00,4.8,0.2,83,0.3,2.0,1083,985.7
Reykjavik,2021-11-08T13:00,5.4,1.2,87,0.3,3.3,1061,984.7
Reykjavik,2021-11-08T14:00,5.8,1.6,86,0.17,3.6,1060,984.2
Reykjavik,2021-11-08T15:00,6.2,1.8,83,0.17,3.5,1058,983.2
Reykjavik,2021-11-08T16:00,6.5,1.8,79,0.17,3.3,1051,982.7
Reykjavik,2021-11-08T17:00,6.5,1.6,79,0.0,3.2,1045,981.7
Reykjavik,2021-11-08T18:00,6.3,1.2,80,0.0,3.0,1038,981.2
Reykjavik,2021-11-08T19:00,6.0,0.8,80,0.0,2.8,1016,980.7
Reykjavik,2021-11-08T20:00,5.9,0.8,80,0.0,2.7,982,980.2
Reykjavik,2021-11-08T21:00,5.9,0.9,80,0.0,2.7,937,979.2
Reykjavik,2021-11-08T22:00,5.8,1.0,80,0.0,2.7,890,978.7
Reykjavik,2021-11-08T23:00,5.8,1.0,81,0.04,2.7,868,977.7
Reykjavik,2021-11-09T00:00,5.7,0.9,82,0.04,2.9,855,977.2
Reykjavik,2021-11-09T01:00,5.6,0.6,83,0.04,2.9,861,975.7
Reykjavik,2021-11-09T02:00,5.2,0.0,84,1.57,2.7,900,974.7
Reykjavik,2021-11-09T03:00,4.8,-0.7,86,1.57,2.4,958,973.7
Reykjavik,2021-11-09T04:00,4.4,-1.1,87,1.57,2.2,1009,972.2
Reykjavik,2021-11-09T05:00,4.7,-0.5,87,0.15,2.5,1000,971.7
Reykjavik,2021-11-09T06:00,5.2,0.7,87,0.15,3.1,968,971.2
Reykjavik,2021-11-09T07:00,5.7,1.8,87,0.15,3.6,929,971.2
Reykjavik,2021-11-09T08:00,5.7,1.8,87,0.24,3.5,918,971.2
Reykjavik,2021-11-09T09:00,5.5,1.3,86,0.24,3.3,914,971.2
Reykjavik,2021-11-09T10:00,5.3,0.8,85,0.24,2.8,907,971.2
Reykjavik,2021-11-09T11:00,5.3,0.8,83,0.29,2.6,898,971.7
Reykjavik,2021-11-09T12:00,5.3,1.0,81,0.29,2.3,888,972.2
Reykjavik,2021-11-09T13:00,5.4,1.2,79,0.29,2.0,878,972.2
Reykjavik,2021-11-09T14:00,5.8,1.8,80,0.01,0.4,913,972.8
Reykjavik,2021-11-09T15:00,6.0,2.7,79,0.01,0.6,935,972.8
Reykjavik,2021-11-09T16:00,6.1,3.3,78,0.01,0.9,964,973.8
Reykjavik,2021-11-09T17:00,5.8,3.2,80,0.0,1.0,988,974.3
Reykjavik,2021-11-09T18:00,5.3,3.0,82,0.0,1.2,1013,974.8
Reykjavik,2021-11-09T19:00,4.8,2.7,85,0.0,1.3,1028,976.3
Reykjavik,2021-11-09T20:00,4.7,2.7,85,0.0,1.1,1013,977.3
Reykjavik,2021-11-09T21:00,4.7,2.7,83,0.0,0.9,982,978.3
Reykjavik,2021-11-09T22:00,4.6,2.5,83,0.0,0.5,952,979.3
Reykjavik,2021-11-09T23:00,4.2,1.9,84,0.0,0.3,956,980.3
Reykjavik,2021-11-10T00:00,3.7,1.1,87,0.0,0.2,970,981.3
Reykjavik,2021-11-10T01:00,3.1,0.2,89,0.0,0.1,973,982.3
Reykjavik,2021-11-10T02:00,2.9,-0.1,90,0.0,0.2,949,983.3
Reykjavik,2021-11-10T03:00,2.7,-0.3,91,0.0,0.4,910,983.8
Reykjavik,2021-11-10T04:00,2.5,-0.4,91,0.0,0.7,849,984.3
Reykjavik,2021-11-10T05:00,2.4,-0.6,90,0.0,0.8,797,984.8
Reykjavik,2021-11-10T06:00,2.4,-0.6,90,0.0,0.9,739,985.8
Reykjavik,2021-11-10T07:00,2.5,-0.9,88,0.0,0.9,652,986.8
Reykjavik,2021-11-10T08:00,2.6,-1.2,85,0.09,1.0,571,987.3
Reykjavik,2021-11-10T09:00,2.8,-1.7,82,0.09,1.0,482,987.8
Reykjavik,2021-11-10T10:00,2.9,-2.2,77,0.09,1.0,384,988.8
Reykjavik,2021-11-10T11:00,2.8,-2.5,74,0.12,1.0,340,989.8
Reykjavik,2021-11-10T12:00,2.6,-2.7,72,0.12,0.9,313,990.3
Reykjavik,2021-11-10T13:00,2.4,-2.9,69,0.12,0.9,289,991.3
Reykjavik,2021-11-10T14:00,2.4,-3.1,70,0.0,0.8,272,991.8
Reykjavik,2021-11-10T15:00,2.3,-3.2,71,0.0,0.7,262,991.8
Reykjavik,2021-11-10T16:00,2.4,-3.1,73,0.0,0.5,273,992.3
Reykjavik,2021-11-10T17:00,2.5,-2.8,75,0.0,0.4,313,992.3
Reykjavik,2021-11-10T18:00,2.7,-2.3,78,0.0,0.3,373,992.8
Reykjavik,2021-11-10T19:00,3.0,-1.9,80,0.0,0.3,438,993.3
Reykjavik,2021-11-10T20:00,3.1,-1.9,80,0.0,0.4,445,993.8
Reykjavik,2021-11-10T21:00,3.1,-2.2,79,0.0,0.4,436,994.3
Reykjavik,2021-11-10T22:00,3.1,-2.4,78,0.0,0.5,464,995.3
Reykjavik,2021-11-10T23:00,3.1,-2.3,78,0.0,0.5,572,995.8
Jerusalem,2021-11-04T00:00,14.6,14.8,85,0.0,11.7,4392,1025.7
Jerusalem,2021-11-04T01:00,14.0,14.1,83,0.0,11.0,4488,1025.7
Jerusalem,2021-11-04T02:00,13.8,13.7,80,0.0,10.5,4496,1025.2
Jerusalem,2021-11-04T03:00,13.9,13.4,73,0.0,9.6,4508,1025.2
Jerusalem,2021-11-04T04:00,14.4,13.4,66,0.0,8.9,4508,1024.6
Jerusalem,2021-11-04T05:00,15.0,14.0,66,0.0,9.0,4512,1025.2
Jerusalem,2021-11-04T06:00,15.8,14.9,66,0.0,9.5,4516,1025.2
Jerusalem,2021-11-04T07:00,17.7,17.3,66,0.0,10.6,4520,1025.7
Jerusalem,2021-11-04T08:00,19.7,18.6,56,0.0,10.4,4520,1025.2
Jerusalem,2021-11-04T09:00,21.2,19.9,50,0.0,10.2,4532,1025.7
Jerusalem,2021-11-04T10:00,22.3,21.3,46,0.0,9.7,4532,1024.6
Jerusalem,2021-11-04T11:00,23.3,22.4,43,0.0,9.5,4536,1024.6
Jerusalem,2021-11-04T12:00,23.9,22.9,40,0.0,8.9,4516,1023.5
Jerusalem,2021-11-04T13:00,24.1,23.4,41,0.0,9.5,4536,1024.1
Jerusalem,2021-11-04T14:00,23.8,23.1,43,0.0,10.2,4528,1023.0
Jerusalem,2021-11-04T15:00,22.3,21.9,52,0.0,12.1,4524,1023.0
Jerusalem,2021-11-04T16:00,20.4,20.7,65,0.0,13.6,4512,1023.0
Jerusalem,2021-11-04T17:00,18.6,19.7,79,0.0,14.6,4496,1023.5
Jerusalem,2021-11-04T18:00,17.4,18.7,83,0.0,14.5,4508,1023.5
Jerusalem,2021-11-04T19:00,17.3,17.9,78,0.0,13.9,4528,1023.5
Jerusalem,2021-11-04T20:00,18.1,17.5,61,0.0,10.8,4548,1023.5
Jerusalem,2021-11-04T21:00,17.9,17.2,60,0.0,9.8,4540,1023.5
Jerusalem,2021-11-04T22:00,17.7,17.0,62,0.0,9.9,4536,1023.5
Jerusalem,2021-11-04T23:00,17.5,16.8,61,0.0,9.7,4548,1023.5
Jerusalem,2021-11-05T00:00,17.3,16.3,61,0.0,9.1,4548,1023.0
Jerusalem,2021-11-05T01:00,17.3,16.1,62,0.0,8.9,4536,1023.0
Jerusalem,2021-11-05T02:00,17.1,15.8,62,0.0,8.8,4528,1022.4
Jerusalem,2021-11-05T03:00,17.0,15.8,62,0.0,8.7,4536,1023.0
Jerusalem,2021-11-05T04:00,16.8,15.4,63,0.0,8.5,4536,1023.0
Jerusalem,2021-11-05T05:00,16.5,15.1,62,0.0,8.2,4520,1023.0
Jerusalem,2021-11-05T06:00,17.2,15.7,59,0.0,8.0,4528,1023.5
Jerusalem,2021-11-05T07:00,19.5,17.5,47,0.0,7.5,4540,1023.5
Jerusalem,2021-11-05T08:00,21.0,18.0,41,0.0,7.1,4536,1024.1
Jerusalem,2021-11-05T09:00,22.2,19.2,37,0.0,6.7,4516,1023.5
Jerusalem,2021-11-05T10:00,23.2,20.6,35,0.0,6.5,4504,1023.5
Jerusalem,2021-11-05T11:00,24.0,21.8,33,0.0,6.4,4496,1022.4
Jerusalem,2021-11-05T12:00,24.7,22.6,31,0.0,6.2,4488,1021.9
Jerusalem,2021-11-05T13:00,25.0,22.6,31,0.0,6.1,4488,1021.3
Jerusalem,2021-11-05T14:00,24.7,22.4,31,0.0,6.1,4484,1021.3
Jerusalem,2021-11-05T15:00,23.9,21.6,32,0.0,5.8,4472,1021.3
Jerusalem,2021-11-05T16:00,22.2,20.8,39,0.0,7.1,4472,1021.3
Jerusalem,2021-11-05T17:00,20.5,19.1,42,0.0,6.9,4472,1021.9
Jerusalem,2021-11-05T18:00,19.8,18.1,41,0.0,6.2,4472,1022.4
Jerusalem,2021-11-05T19:00,19.3,17.7,45,0.0,6.7,4492,1021.9
Jerusalem,2021-11-05T20:00,19.0,17.1,43,0.0,5.7,4504,1021.9
Jerusalem,2021-11-05T21:00,18.9,16.9,44,0.0,5.4,4492,1021.3
Jerusalem,2021-11-05T22:00,18.8,16.7,43,0.0,5.0,4472,1021.3
Jerusalem,2021-11-05T23:00,18.5,16.3,42,0.0,4.2,4468,1021.3
Jerusalem,2021-11-06T00:00,18.2,16.0,42,0.0,4.2,4468,1021.3
Jerusalem,2021-11-06T01:00,18.0,15.7,42,0.0,4.1,4436,1021.3
Jerusalem,2021-11-06T02:00,17.7,15.5,45,0.0,4.6,4436,1021.3
Jerusalem,2021-11-06T03:00,17.4,15.3,47,0.0,4.8,4448,1021.3
Jerusalem,2021-11-06T04:00,17.2,15.0,46,0.0,4.3,4452,1021.9
Jerusalem,2021-11-06T05:00,16.9,14.6,45,0.0,3.8,4452,1021.9
Jerusalem,2021-11-06T06:00,17.6,15.2,43,0.0,3.4,4440,1022.4
Jerusalem,2021-11-06T07:00,20.0,17.3,35,0.0,3.4,4444,1023.0
Jerusalem,2021-11-06T08:00,21.7,18.5,30,0.0,3.1,4436,1023.0
Jerusalem,2021-11-06T09:00,23.0,19.6,28,0.0,3.2,4448,1022.4
Jerusalem,2021-11-06T10:00,24.1,21.2,27,0.0,3.5,4436,1021.9
Jerusalem,2021-11-06T11:00,24.9,22.4,26,0.0,3.6,4432,1021.3
Jerusalem,2021-11-06T12:00,25.4,23.2,26,0.0,4.1,4412,1020.8
Jerusalem,2021-11-06T13:00,25.7,23.4,26,0.0,4.5,4412,1020.8
Jerusalem,2021-11-06T14:00,25.4,23.0,27,0.0,4.4,4404,1020.8
Jerusalem,2021-11-06T15:00,24.5,22.4,28,0.0,4.7,4388,1020.8
Jerusalem,2021-11-06T16:00,22.6,21.3,36,0.0,6.6,4392,1020.8
Jerusalem,2021-11-06T17:00,20.9,20.2,44,0.0,8.1,4372,1020.8
Jerusalem,2021-11-06T18:00,20.0,18.9,43,0.0,7.5,4352,1021.3
Jerusalem,2021-11-06T19:00,19.7,17.8,38,0.0,5.5,4340,1021.3
Jerusalem,2021-11-06T20:00,19.6,17.4,35,0.0,3.9,4336,1021.3
Jerusalem,2021-11-06T21:00,19.3,17.0,35,0.0,3.2,4324,1020.8
Jerusalem,2021-11-06T22:00,19.1,16.7,36,0.0,3.0,4300,1020.8
Jerusalem,2021-11-06T23:00,18.9,16.5,36,0.0,2.7,4276,1020.2
Jerusalem,2021-11-07T00:00,18.5,16.1,36,0.0,2.6,4264,1020.2
Jerusalem,2021-11-07T01:00,18.1,15.7,37,0.0,2.5,4240,1020.2
Jerusalem,2021-11-07T02:00,17.9,15.5,36,0.0,2.4,4220,1019.7
Jerusalem,2021-11-07T03:00,17.7,15.2,36,0.0,2.1,4208,1019.7
Jerusalem,2021-11-07T04:00,17.4,14.8,36,0.0,1.7,4188,1019.7
Jerusalem,2021-11-07T05:00,17.1,14.4,35,0.0,1.2,4172,1020.2
Jerusalem,2021-11-07T06:00,17.6,14.8,35,0.0,1.1,4160,1020.8
Jerusalem,2021-11-07T07:00,19.9,17.3,34,0.0,2.3,4144,1021.3
Jerusalem,2021-11-07T08:00,22.0,18.8,28,0.0,2.3,4128,1021.3
Jerusalem,2021-11-07T09:00,23.3,19.6,25,0.0,2.0,4116,1020.8
Jerusalem,2021-11-07T10:00,24.2,21.0,24,0.0,2.2,4112,1020.2
Jerusalem,2021-11-07T11:00,24.9,22.0,24,0.0,2.3,4108,1019.7
Jerusalem,2021-11-07T12:00,25.4,22.5,22,0.0,1.7,4104,1019.1
Jerusalem,2021-11-07T13:00,25.6,22.2,20,0.0,0.5,4100,1019.1
Jerusalem,2021-11-07T14:00,25.4,21.8,19,0.0,-0.3,4108,1019.1
Jerusalem,2021-11-07T15:00,24.5,21.3,20,0.0,-0.3,4104,1019.1
Jerusalem,2021-11-07T16:00,22.2,20.2,28,0.0,2.8,4084,1019.7
Jerusalem,2021-11-07T17:00,19.9,18.3,38,0.0,5.2,4062,1020.2
Jerusalem,2021-11-07T18:00,18.8,17.4,42,0.0,5.9,4064,1020.2
Jerusalem,2021-11-07T19:00,18.7,16.6,34,0.0,3.3,4062,1020.8
Jerusalem,2021-11-07T20:00,18.4,16.3,35,0.0,3.2,4056,1020.8
Jerusalem,2021-11-07T21:00,18.5,16.2,36,0.0,3.0,4050,1020.8
Jerusalem,2021-11-07T22:00,18.5,16.1,37,0.0,2.7,4044,1020.8
Jerusalem,2021-11-07T23:00,18.4,15.8,37,0.0,2.3,4038,1020.2
Jerusalem,2021-11-08T00:00,18.2,15.4,36,0.0,1.8,4034,1020.2
Jerusalem,2021-11-08T01:00,17.9,15.0,36,0.0,1.4,4028,1020.2
Jerusalem,2021-11-08T02:00,17.5,14.7,37,0.0,1.4,4024,1020.2
Jerusalem,2021-11-08T03:00,17.2,14.3,38,0.0,1.6,4022,1020.2
Jerusalem,2021-11-08T04:00,17.2,14.3,39,0.0,1.8,4018,1020.2
Jerusalem,2021-11-08T05:00,17.8,14.9,38,0.0,2.0,4016,1020.8
Jerusalem,2021-11-08T06:00,18.7,15.8,36,0.0,2.3,4012,1021.3
Jerusalem,2021-11-08T07:00,20.2,17.1,32,0.0,2.4,4014,1021.9
Jerusalem,2021-11-08T08:00,21.4,18.1,30,0.0,2.3,4024,1021.9
Jerusalem,2021-11-08T09:00,22.8,19.1,27,0.0,2.0,4036,1021.9
Jerusalem,2021-11-08T10:00,24.4,20.8,23,0.0,1.5,4048,1021.9
Jerusalem,2021-11-08T11:00,25.2,21.7,21,0.0,0.8,4048,1021.9
Jerusalem,2021-11-08T12:00,25.7,22.2,19,0.0,0.0,4042,1021.3
Jerusalem,2021-11-08T13:00,25.8,22.0,18,0.0,-0.7,4038,1021.3
Jerusalem,2021-11-08T14:00,25.2,21.6,19,0.0,-0.7,4042,1021.3
Jerusalem,2021-11-08T15:00,24.0,21.1,21,0.0,-0.3,4048,1021.3
Jerusalem,2021-11-08T16:00,22.5,20.0,23,0.0,0.0,4054,1021.3
Jerusalem,2021-11-08T17:00,21.6,19.0,23,0.0,-0.4,4052,1021.9
Jerusalem,2021-11-08T18:00,20.8,17.9,23,0.0,-1.0,4048,1021.9
Jerusalem,2021-11-08T19:00,19.9,16.7,24,0.0,-1.2,4046,1022.4
Jerusalem,2021-11-08T20:00,19.3,16.3,27,0.0,-0.2,4048,1022.4
Jerusalem,2021-11-08T21:00,18.9,16.2,32,0.0,1.4,4052,1022.4
Jerusalem,2021-11-08T22:00,18.5,16.0,38,0.0,3.0,4072,1023.0
Jerusalem,2021-11-08T23:00,18.2,15.7,39,0.0,3.3,4104,1023.0
Jerusalem,2021-11-09T00:00,17.9,15.5,40,0.0,3.1,4144,1023.0
Jerusalem,2021-11-09T01:00,17.6,15.1,40,0.0,2.8,4196,1023.0
Jerusalem,2021-11-09T02:00,17.3,14.8,40,0.0,2.7,4236,1022.4
Jerusalem,2021-11-09T03:00,17.0,14.5,40,0.0,2.5,4280,1022.4
Jerusalem,2021-11-09T04:00,17.0,14.5,39,0.0,2.4,4328,1023.0
Jerusalem,2021-11-09T05:00,17.4,15.0,39,0.0,2.5,4360,1023.0
Jerusalem,2021-11-09T06:00,18.1,15.8,38,0.0,2.7,4388,1023.5
Jerusalem,2021-11-09T07:00,19.5,17.2,36,0.0,2.8,4416,1024.1
Jerusalem,2021-11-09T08:00,21.0,18.4,32,0.0,2.4,4432,1024.1
Jerusalem,2021-11-09T09:00,22.8,19.7,27,0.0,1.9,4436,1024.1
Jerusalem,2021-11-09T10:00,24.9,21.9,22,0.0,1.3,4440,1024.1
Jerusalem,2021-11-09T11:00,25.7,23.0,20,0.0,1.0,4436,1024.1
Jerusalem,2021-11-09T12:00,26.2,23.6,19,0.0,0.8,4424,1024.1
Jerusalem,2021-11-09T13:00,26.5,23.8,19,0.0,0.6,4416,1024.1
Jerusalem,2021-11-09T14:00,25.7,23.3,19,0.0,5.5,4420,1023.2
Jerusalem,2021-11-09T15:00,24.5,22.2,22,0.0,7.3,4424,1023.8
Jerusalem,2021-11-09T16:00,22.8,20.5,27,0.0,8.9,4432,1023.8
Jerusalem,2021-11-09T17:00,21.4,19.2,31,0.0,8.9,4428,1023.8
Jerusalem,2021-11-09T18:00,19.9,17.8,36,0.0,8.3,4424,1024.3
Jerusalem,2021-11-09T19:00,18.4,16.4,40,0.0,7.1,4424,1024.3
Jerusalem,2021-11-09T20:00,18.0,15.9,41,0.0,5.8,4436,1024.3
Jerusalem,2021-11-09T21:00,17.9,15.9,40,0.0,4.2,4452,1024.3
Jerusalem,2021-11-09T22:00,18.0,16.0,38,0.0,2.6,4472,1024.3
Jerusalem,2021-11-09T23:00,18.2,16.1,36,0.0,2.2,4472,1024.3
Jerusalem,2021-11-10T00:00,18.5,16.4,34,0.0,2.2,4472,1023.8
Jerusalem,2021-11-10T01:00,18.8,16.6,32,0.0,2.9,4472,1023.8
Jerusalem,2021-11-10T02:00,18.7,16.5,31,0.0,4.0,4484,1023.2
Jerusalem,2021-11-10T03:00,18.6,16.4,31,0.0,5.5,4504,1023.2
Jerusalem,2021-11-10T04:00,18.6,16.4,31,0.0,7.1,4520,1023.2
Jerusalem,2021-11-10T05:00,18.7,16.6,31,0.0,7.3,4528,1023.2
Jerusalem,2021-11-10T06:00,18.9,16.6,30,0.0,7.2,4532,1023.8
Jerusalem,2021-11-10T07:00,19.7,17.3,29,0.0,7.3,4532,1024.3
Jerusalem,2021-11-10T08:00,21.2,18.9,27,0.0,7.9,4536,1023.8
Jerusalem,2021-11-10T09:00,23.1,21.0,24,0.0,8.9,4536,1023.8
Jerusalem,2021-11-10T10:00,25.1,23.5,22,0.0,10.2,4528,1023.2
Jerusalem,2021-11-10T11:00,25.6,23.5,22,0.0,11.1,4520,1023.2
Jerusalem,2021-11-10T12:00,25.6,22.4,23,0.0,12.1,4504,1022.7
Jerusalem,2021-11-10T13:00,25.0,21.3,26,0.0,13.0,4484,1022.1
Jerusalem,2021-11-10T14:00,23.9,20.6,31,0.0,13.4,4464,1022.1
Jerusalem,2021-11-10T15:00,22.3,19.8,37,0.0,13.5,4440,1022.1
Jerusalem,2021-11-10T16:00,20.4,18.4,43,0.0,13.4,4416,1022.1
Jerusalem,2021-11-10T17:00,19.2,17.3,46,0.0,13.2,4416,1022.1
Jerusalem,2021-11-10T18:00,18.1,16.2,48,0.0,12.9,4420,1022.7
Jerusalem,2021-11-10T19:00,17.0,14.9,48,0.0,12.1,4428,1022.7
Jerusalem,2021-11-10T20:00,16.4,14.2,46,0.0,11.2,4432,1022.7
Jerusalem,2021-11-10T21:00,16.1,13.6,42,0.0,10.0,4432,1022.7
Jerusalem,2021-11-10T22:00,15.9,13.1,38,0.0,8.7,4428,1022.1
Jerusalem,2021-11-10T23:00,15.6,12.8,37,0.0,8.4,4424,1022.1
Barcelona,2021-11-04T00:00,12.7,10.5,68,0.0,7.0,1942,885.2
Barcelona,2021-11-04T01:00,12.4,10.2,67,0.0,6.8,1916,886.0
Barcelona,2021-11-04T02:00,11.9,9.5,69,0.0,6.7,1919,886.0
Barcelona,2021-11-04T03:00,11.6,9.1,70,0.0,6.6,1922,886.5
Barcelona,2021-11-04T04:00,11.4,8.8,73,0.0,6.9,1904,886.0
Barcelona,2021-11-04T05:00,11.3,8.7,73,0.0,6.7,1893,886.5
Barcelona,2021-11-04T06:00,11.1,8.5,75,0.0,6.8,1870,886.9
Barcelona,2021-11-04T07:00,10.9,8.4,72,0.0,6.2,1844,888.2
Barcelona,2021-11-04T08:00,11.0,8.7,74,0.01,6.7,1816,888.7
Barcelona,2021-11-04T09:00,11.3,8.9,72,0.0,6.7,1809,889.6
Barcelona,2021-11-04T10:00,12.0,10.0,72,0.0,7.2,1800,890.0
Barcelona,2021-11-04T11:00,12.7,11.2,73,0.01,8.0,1833,890.4
Barcelona,2021-11-04T12:00,13.3,12.1,80,0.11,9.8,1856,890.9
Barcelona,2021-11-04T13:00,13.4,12.0,79,0.68,9.9,1776,890.9
Barcelona,2021-11-04T14:00,13.3,11.7,77,0.72,9.4,1760,890.4
Barcelona,2021-11-04T15:00,13.5,12.0,77,0.22,9.4,1733,890.4
Barcelona,2021-11-04T16:00,13.5,12.1,72,0.02,8.6,1742,890.4
Barcelona,2021-11-04T17:00,13.3,12.4,74,0.04,8.8,1786,890.9
Barcelona,2021-11-04T18:00,13.2,12.6,75,0.0,9.0,1764,891.3
Barcelona,2021-11-04T19:00,13.1,12.2,75,0.0,9.0,1748,891.8
Barcelona,2021-11-04T20:00,13.0,11.9,76,0.0,9.0,1732,892.6
Barcelona,2021-11-04T21:00,12.7,11.6,77,0.0,8.9,1706,893.1
Barcelona,2021-11-04T22:00,12.4,11.1,77,0.0,8.8,1726,893.1
Barcelona,2021-11-04T23:00,12.0,10.7,82,0.0,9.2,1735,893.1
Barcelona,2021-11-05T00:00,11.8,10.4,81,0.0,8.7,1728,893.1
Barcelona,2021-11-05T01:00,11.6,10.1,78,0.0,8.1,1731,893.1
Barcelona,2021-11-05T02:00,11.3,9.5,77,0.0,7.5,1722,893.5
Barcelona,2021-11-05T03:00,11.1,9.2,78,0.0,7.3,1722,894.0
Barcelona,2021-11-05T04:00,10.9,8.9,78,0.0,7.1,1722,893.5
Barcelona,2021-11-05T05:00,10.7,8.8,77,0.0,6.9,1718,893.5
Barcelona,2021-11-05T06:00,10.6,8.5,76,0.0,6.6,1724,894.0
Barcelona,2021-11-05T07:00,10.4,8.3,76,0.0,6.3,1740,894.0
Barcelona,2021-11-05T08:00,10.4,8.2,75,0.0,6.1,1761,894.8
Barcelona,2021-11-05T09:00,10.9,8.8,74,0.0,6.4,1756,895.3
Barcelona,2021-11-05T10:00,11.8,9.6,74,0.0,7.3,1768,895.7
Barcelona,2021-11-05T11:00,12.8,10.5,68,0.0,7.0,1797,895.7
Barcelona,2021-11-05T12:00,13.9,12.0,63,0.0,6.9,1829,895.7
Barcelona,2021-11-05T13:00,14.7,13.5,57,0.0,6.2,1826,895.3
Barcelona,2021-11-05T14:00,15.0,13.4,57,0.0,6.6,1811,895.3
Barcelona,2021-11-05T15:00,14.9,13.0,61,0.0,7.4,1770,894.8
Barcelona,2021-11-05T16:00,14.9,13.1,62,0.0,7.8,1750,895.3
Barcelona,2021-11-05T17:00,14.9,13.2,62,0.0,7.8,1772,895.7
Barcelona,2021-11-05T18:00,14.8,13.2,60,0.0,7.1,1814,896.2
Barcelona,2021-11-05T19:00,14.7,13.4,59,0.0,6.8,1829,896.6
Barcelona,2021-11-05T20:00,14.1,12.8,63,0.0,7.5,1794,897.1
Barcelona,2021-11-05T21:00,13.6,11.9,67,0.0,7.9,1769,897.5
Barcelona,2021-11-05T22:00,13.3,11.8,71,0.0,8.2,1772,897.5
Barcelona,2021-11-05T23:00,13.0,11.3,70,0.0,7.8,1791,897.9
Barcelona,2021-11-06T00:00,12.6,11.0,73,0.0,7.9,1811,897.9
Barcelona,2021-11-06T01:00,12.2,10.4,73,0.0,7.6,1871,897.9
Barcelona,2021-11-06T02:00,11.9,10.0,73,0.0,7.3,1944,898.4
Barcelona,2021-11-06T03:00,11.6,9.7,74,0.0,7.1,2013,897.9
Barcelona,2021-11-06T04:00,11.4,8.9,64,0.0,5.0,2045,897.9
Barcelona,2021-11-06T05:00,11.2,8.3,56,0.0,2.3,2060,898.4
Barcelona,2021-11-06T06:00,11.0,7.7,49,0.0,0.0,2058,898.4
Barcelona,2021-11-06T07:00,10.7,7.3,47,0.0,-0.6,2104,898.8
Barcelona,2021-11-06T08:00,10.5,7.0,48,0.0,-0.7,2114,899.3
Barcelona,2021-11-06T09:00,11.1,7.3,43,0.0,-1.4,2082,899.7
Barcelona,2021-11-06T10:00,12.1,7.8,39,0.0,-1.3,2114,900.1
Barcelona,2021-11-06T11:00,13.4,9.5,39,0.0,-0.1,2112,900.1
Barcelona,2021-11-06T12:00,14.9,11.7,36,0.0,-0.2,2102,899.7
Barcelona,2021-11-06T13:00,15.7,13.0,33,0.0,-0.7,2054,899.3
Barcelona,2021-11-06T14:00,15.9,13.2,32,0.0,-1.0,2039,898.8
Barcelona,2021-11-06T15:00,16.5,14.4,38,0.0,1.5,2016,898.4
Barcelona,2021-11-06T16:00,17.1,13.6,39,0.0,3.2,1993,897.9
Barcelona,2021-11-06T17:00,15.9,11.7,46,0.0,4.4,1978,897.9
Barcelona,2021-11-06T18:00,15.3,12.2,49,0.0,4.7,2013,897.9
Barcelona,2021-11-06T19:00,14.8,11.8,52,0.0,5.3,2003,898.4
Barcelona,2021-11-06T20:00,14.2,11.5,58,0.0,6.1,1972,898.4
Barcelona,2021-11-06T21:00,13.7,11.2,61,0.0,6.5,1920,898.8
Barcelona,2021-11-06T22:00,12.9,11.0,65,0.0,6.5,1921,898.8
Barcelona,2021-11-06T23:00,12.2,10.0,62,0.0,5.2,2150,898.4
Barcelona,2021-11-07T00:00,11.9,9.3,55,0.0,3.3,2226,897.9
Barcelona,2021-11-07T01:00,11.5,8.8,58,0.0,3.6,2274,897.5
Barcelona,2021-11-07T02:00,11.3,8.4,56,0.0,2.9,2250,897.1
Barcelona,2021-11-07T03:00,11.1,8.3,57,0.0,3.2,2276,896.6
Barcelona,2021-11-07T04:00,10.9,7.6,56,0.0,2.6,2368,896.2
Barcelona,2021-11-07T05:00,10.7,7.1,53,0.0,1.8,2392,896.2
Barcelona,2021-11-07T06:00,10.7,7.2,51,0.0,1.2,2390,895.7
Barcelona,2021-11-07T07:00,10.3,6.8,54,0.0,1.8,2376,895.7
Barcelona,2021-11-07T08:00,10.1,6.1,53,0.0,1.2,2340,895.7
Barcelona,2021-11-07T09:00,10.8,6.8,51,0.0,1.3,2298,895.7
Barcelona,2021-11-07T10:00,11.8,8.1,52,0.0,2.3,2308,895.7
Barcelona,2021-11-07T11:00,13.2,9.5,44,0.0,1.3,2354,895.7
Barcelona,2021-11-07T12:00,14.8,11.3,39,0.0,0.8,2366,895.3
Barcelona,2021-11-07T13:00,15.8,12.9,36,0.0,0.9,2380,894.4
Barcelona,2021-11-07T14:00,16.6,14.4,34,0.0,0.6,2330,893.5
Barcelona,2021-11-07T15:00,16.4,13.7,38,0.0,2.3,2366,893.1
Barcelona,2021-11-07T16:00,16.1,13.8,47,0.0,4.8,2358,893.1
Barcelona,2021-11-07T17:00,15.9,13.6,50,0.0,5.6,2396,893.1
Barcelona,2021-11-07T18:00,15.7,13.7,52,0.0,6.1,2418,893.1
Barcelona,2021-11-07T19:00,15.3,13.5,58,0.0,7.4,2422,893.5
Barcelona,2021-11-07T20:00,15.0,13.1,56,0.0,6.5,2456,893.5
Barcelona,2021-11-07T21:00,14.6,12.3,51,0.0,4.8,2496,893.5
Barcelona,2021-11-07T22:00,14.2,11.2,46,0.0,3.0,2538,893.5
Barcelona,2021-11-07T23:00,13.9,10.8,46,0.04,2.7,2554,893.5
Barcelona,2021-11-08T00:00,13.6,10.7,48,0.04,2.9,2562,893.5
Barcelona,2021-11-08T01:00,13.3,10.5,49,0.04,3.1,2554,893.5
Barcelona,2021-11-08T02:00,13.2,10.3,50,0.0,3.0,2516,893.1
Barcelona,2021-11-08T03:00,13.0,10.0,50,0.0,2.8,2464,892.6
Barcelona,2021-11-08T04:00,12.9,9.7,50,0.0,2.7,2416,892.2
Barcelona,2021-11-08T05:00,12.7,9.6,51,0.0,2.7,2424,892.2
Barcelona,2021-11-08T06:00,12.6,9.5,51,0.0,2.9,2450,892.2
Barcelona,2021-11-08T07:00,12.6,9.5,52,0.0,3.2,2492,892.2
Barcelona,2021-11-08T08:00,12.8,9.6,52,0.0,3.5,2522,892.2
Barcelona,2021-11-08T09:00,13.1,9.9,53,0.0,3.8,2556,892.6
Barcelona,2021-11-08T10:00,13.9,10.9,51,0.0,4.2,2590,893.1
Barcelona,2021-11-08T11:00,15.1,12.4,48,0.0,4.2,2600,892.6
Barcelona,2021-11-08T12:00,16.7,14.3,43,0.0,4.2,2600,892.2
Barcelona,2021-11-08T13:00,18.3,16.3,40,0.0,4.6,2582,891.8
Barcelona,2021-11-08T14:00,18.5,16.8,43,0.0,5.6,2546,891.8
Barcelona,2021-11-08T15:00,18.3,16.6,48,0.0,7.0,2494,891.8
Barcelona,2021-11-08T16:00,17.9,16.3,54,0.0,8.6,2444,891.8
Barcelona,2021-11-08T17:00,17.8,16.3,57,0.0,9.1,2442,891.8
Barcelona,2021-11-08T18:00,17.5,16.4,59,0.0,9.4,2456,892.2
Barcelona,2021-11-08T19:00,17.1,16.2,60,0.0,9.5,2474,892.6
Barcelona,2021-11-08T20:00,16.5,15.6,61,0.0,9.3,2476,892.6
Barcelona,2021-11-08T21:00,15.7,14.7,62,0.0,8.8,2476,893.1
Barcelona,2021-11-08T22:00,14.9,13.6,64,0.0,8.5,2482,893.5
Barcelona,2021-11-08T23:00,14.6,13.3,68,0.0,9.0,2496,893.5
Barcelona,2021-11-09T00:00,14.3,13.3,72,0.0,9.7,2514,893.5
Barcelona,2021-11-09T01:00,14.1,13.3,76,0.0,10.3,2524,894.0
Barcelona,2021-11-09T02:00,14.0,13.1,75,0.0,10.1,2500,894.0
Barcelona,2021-11-09T03:00,13.9,12.8,73,0.0,9.5,2464,893.5
Barcelona,2021-11-09T04:00,13.9,12.5,70,0.0,8.5,2436,893.5
Barcelona,2021-11-09T05:00,13.9,12.3,66,0.0,7.8,2462,893.5
Barcelona,2021-11-09T06:00,14.0,12.0,62,0.0,7.1,2508,893.5
Barcelona,2021-11-09T07:00,14.3,11.9,58,0.0,6.2,2550,893.5
Barcelona,2021-11-09T08:00,14.6,12.2,54,0.0,5.7,2546,894.0
Barcelona,2021-11-09T09:00,15.1,12.6,51,0.0,5.2,2524,894.8
Barcelona,2021-11-09T10:00,15.8,13.3,48,0.0,4.9,2496,895.3
Barcelona,2021-11-09T11:00,16.3,13.9,48,0.17,5.3,2482,895.3
Barcelona,2021-11-09T12:00,16.9,14.5,48,0.17,5.9,2470,895.7
Barcelona,2021-11-09T13:00,17.4,15.1,49,0.17,6.6,2460,895.7
Barcelona,2021-11-09T14:00,24.3,24.1,44,0.0,17.4,2464,1019.8
Barcelona,2021-11-09T15:00,24.8,24.8,46,0.0,17.4,2444,1019.3
Barcelona,2021-11-09T16:00,24.9,25.0,50,0.0,17.4,2430,1018.8
Barcelona,2021-11-09T17:00,24.1,24.6,55,0.0,17.7,2446,1019.3
Barcelona,2021-11-09T18:00,22.8,23.8,61,0.0,18.1,2476,1019.3
Barcelona,2021-11-09T19:00,21.4,22.6,67,0.0,18.5,2502,1020.3
Barcelona,2021-11-09T20:00,20.9,21.9,68,0.0,18.5,2494,1020.3
Barcelona,2021-11-09T21:00,20.7,21.4,67,0.0,18.4,2474,1020.3
Barcelona,2021-11-09T22:00,20.4,20.6,65,0.0,18.3,2464,1020.3
Barcelona,2021-11-09T23:00,20.0,19.9,62,0.0,18.4,2482,1020.8
Barcelona,2021-11-10T00:00,19.7,19.1,59,0.0,18.5,2512,1020.8
Barcelona,2021-11-10T01:00,19.2,18.3,57,0.0,18.6,2558,1020.8
Barcelona,2021-11-10T02:00,18.7,18.0,60,0.0,18.5,2598,1020.8
Barcelona,2021-11-10T03:00,18.3,17.8,65,0.0,18.4,2640,1020.3
Barcelona,2021-11-10T04:00,17.9,17.7,70,0.0,18.1,2670,1020.3
Barcelona,2021-11-10T05:00,17.7,17.7,72,0.0,17.4,2648,1020.3
Barcelona,2021-11-10T06:00,17.6,17.7,74,0.0,16.6,2602,1020.8
Barcelona,2021-11-10T07:00,18.1,18.4,75,0.0,15.8,2560,1020.8
Barcelona,2021-11-10T08:00,19.2,19.8,73,0.0,15.9,2570,1021.3
Barcelona,2021-11-10T09:00,20.7,21.6,70,0.0,16.3,2600,1021.3
Barcelona,2021-11-10T10:00,22.8,24.0,66,0.0,17.0,2632,1021.8
Barcelona,2021-11-10T11:00,24.2,25.6,61,0.0,17.5,2632,1021.3
Barcelona,2021-11-10T12:00,25.7,26.9,57,0.0,18.1,2626,1021.3
Barcelona,2021-11-10T13:00,27.0,28.0,53,0.0,18.8,2616,1020.3
Barcelona,2021-11-10T14:00,27.3,28.3,54,0.0,19.1,2608,1019.8
Barcelona,2021-11-10T15:00,27.0,28.2,57,0.0,19.3,2600,1019.3
Barcelona,2021-11-10T16:00,26.3,27.7,61,0.0,19.5,2608,1018.8
Barcelona,2021-11-10T17:00,25.6,27.2,64,0.0,19.7,2642,1018.8
Barcelona,2021-11-10T18:00,24.6,26.5,68,0.0,20.0,2690,1018.8
Barcelona,2021-11-10T19:00,23.4,25.5,73,0.0,20.1,2742,1019.3
Barcelona,2021-11-10T20:00,22.7,24.9,76,0.0,20.0,2744,1019.3
Barcelona,2021-11-10T21:00,21.9,24.3,79,0.0,19.9,2732,1019.3
Barcelona,2021-11-10T22:00,21.3,23.4,80,0.0,19.7,2738,1019.3
Barcelona,2021-11-10T23:00,21.4,23.0,76,0.0,19.7,2788,1018.8
Lamezia Terme,2021-11-04T00:00,19.1,18.1,78,0.0,15.6,3608,1012.3
Lamezia Terme,2021-11-04T01:00,19.7,18.6,74,0.0,15.1,3630,1012.3
Lamezia Terme,2021-11-04T02:00,19.8,18.9,74,0.0,15.2,3618,1012.3
Lamezia Terme,2021-11-04T03:00,19.8,19.2,77,0.0,16.0,3566,1012.3
Lamezia Terme,2021-11-04T04:00,19.7,19.2,79,0.0,16.2,3520,1012.3
Lamezia Terme,2021-11-04T05:00,19.7,19.1,79,0.0,16.2,3488,1011.8
Lamezia Terme,2021-11-04T06:00,19.6,19.2,83,0.0,16.8,3466,1011.8
Lamezia Terme,2021-11-04T07:00,19.8,19.3,75,0.0,15.4,3516,1012.8
Lamezia Terme,2021-11-04T08:00,20.6,20.6,74,0.0,16.1,3602,1013.3
Lamezia Terme,2021-11-04T09:00,21.7,22.3,77,0.0,17.8,3606,1013.3
Lamezia Terme,2021-11-04T10:00,22.6,23.1,76,0.0,18.4,3608,1013.8
Lamezia Terme,2021-11-04T11:00,23.0,23.7,75,0.0,18.8,3592,1013.8
Lamezia Terme,2021-11-04T12:00,23.2,24.2,78,0.0,19.5,3578,1013.3
Lamezia Terme,2021-11-04T13:00,23.2,23.6,76,0.0,19.0,3640,1011.8
Lamezia Terme,2021-11-04T14:00,23.2,23.5,75,0.0,18.9,3658,1011.3
Lamezia Terme,2021-11-04T15:00,22.3,22.7,79,0.0,18.8,3648,1011.8
Lamezia Terme,2021-11-04T16:00,21.5,22.2,82,0.0,18.5,3646,1011.3
Lamezia Terme,2021-11-04T17:00,20.6,21.1,84,0.0,18.1,3726,1011.3
Lamezia Terme,2021-11-04T18:00,20.5,20.5,82,0.0,17.6,3696,1011.3
Lamezia Terme,2021-11-04T19:00,20.3,20.4,83,0.0,17.6,3674,1012.3
Lamezia Terme,2021-11-04T20:00,20.3,20.6,81,0.0,17.3,3650,1012.3
Lamezia Terme,2021-11-04T21:00,20.3,20.3,78,0.0,16.7,3650,1011.8
Lamezia Terme,2021-11-04T22:00,20.4,20.2,75,0.0,16.2,3644,1011.8
Lamezia Terme,2021-11-04T23:00,20.0,20.4,79,0.0,16.4,3634,1012.3
Lamezia Terme,2021-11-05T00:00,19.2,20.7,84,0.0,16.5,3644,1012.8
Lamezia Terme,2021-11-05T01:00,18.2,19.7,87,0.0,16.2,3644,1012.8
Lamezia Terme,2021-11-05T02:00,17.6,19.0,87,0.0,15.9,3672,1013.3
Lamezia Terme,2021-11-05T03:00,17.3,18.8,89,0.0,15.9,3700,1012.8
Lamezia Terme,2021-11-05T04:00,17.2,18.7,90,0.0,15.9,3616,1013.3
Lamezia Terme,2021-11-05T05:00,17.1,18.4,90,0.0,15.8,3552,1013.3
Lamezia Terme,2021-11-05T06:00,16.8,17.7,88,0.0,15.4,3588,1013.3
Lamezia Terme,2021-11-05T07:00,16.8,17.3,83,0.0,14.3,3540,1013.8
Lamezia Terme,2021-11-05T08:00,17.5,17.7,81,0.0,14.5,3540,1014.4
Lamezia Terme,2021-11-05T09:00,20.0,20.1,72,0.05,15.1,3522,1014.4
Lamezia Terme,2021-11-05T10:00,20.7,21.0,72,0.01,16.0,3398,1014.9
Lamezia Terme,2021-11-05T11:00,21.0,21.0,74,0.3,16.5,3482,1014.9
Lamezia Terme,2021-11-05T12:00,22.3,20.8,57,0.0,13.8,3546,1013.3
Lamezia Terme,2021-11-05T13:00,21.5,20.0,67,0.0,15.6,3562,1013.3
Lamezia Terme,2021-11-05T14:00,20.8,18.6,71,0.04,15.7,3634,1012.8
Lamezia Terme,2021-11-05T15:00,20.7,19.1,70,0.0,15.4,3656,1012.8
Lamezia Terme,2021-11-05T16:00,20.2,18.5,72,0.0,15.3,3698,1012.8
Lamezia Terme,2021-11-05T17:00,19.9,18.5,79,0.0,16.4,3698,1013.3
Lamezia Terme,2021-11-05T18:00,20.2,19.7,79,0.0,16.7,3690,1013.8
Lamezia Terme,2021-11-05T19:00,19.9,19.8,82,0.0,17.0,3670,1014.4
Lamezia Terme,2021-11-05T20:00,19.7,20.1,83,0.0,17.0,3632,1014.9
Lamezia Terme,2021-11-05T21:00,19.5,20.2,81,0.0,16.6,3612,1014.9
Lamezia Terme,2021-11-05T22:00,19.3,19.7,77,0.1,15.9,3512,1014.9
Lamezia Terme,2021-11-05T23:00,18.8,20.3,80,0.0,16.0,3500,1015.9
Lamezia Terme,2021-11-06T00:00,18.0,18.9,87,0.0,16.2,3580,1016.4
Lamezia Terme,2021-11-06T01:00,19.5,19.1,74,0.03,15.3,3496,1016.4
Lamezia Terme,2021-11-06T02:00,20.4,20.1,62,0.01,13.6,3486,1016.9
Lamezia Terme,2021-11-06T03:00,20.4,19.8,61,0.02,13.0,3456,1016.9
Lamezia Terme,2021-11-06T04:00,20.0,19.4,60,0.01,12.6,3440,1016.9
Lamezia Terme,2021-11-06T05:00,20.0,18.8,59,0.37,12.5,3414,1017.4
Lamezia Terme,2021-11-06T06:00,20.2,19.6,58,0.16,12.3,3444,1017.4
Lamezia Terme,2021-11-06T07:00,19.4,19.0,64,0.0,13.0,3464,1017.4
Lamezia Terme,2021-11-06T08:00,19.3,19.5,71,0.0,14.4,3532,1019.4
Lamezia Terme,2021-11-06T09:00,20.5,21.1,75,0.0,16.2,3598,1019.4
Lamezia Terme,2021-11-06T10:00,21.1,22.4,80,0.0,17.8,3640,1019.9
Lamezia Terme,2021-11-06T11:00,21.5,22.1,77,0.0,17.7,3580,1019.4
Lamezia Terme,2021-11-06T12:00,21.7,22.4,75,0.01,17.4,3478,1018.9
Lamezia Terme,2021-11-06T13:00,21.1,20.8,81,0.0,18.1,3582,1017.9
Lamezia Terme,2021-11-06T14:00,20.6,20.6,85,0.2,18.5,3480,1017.9
Lamezia Terme,2021-11-06T15:00,20.4,20.1,87,0.0,18.5,3500,1018.4
Lamezia Terme,2021-11-06T16:00,20.1,19.4,86,0.0,17.9,3508,1017.9
Lamezia Terme,2021-11-06T17:00,19.9,19.2,83,0.0,17.3,3600,1017.9
Lamezia Terme,2021-11-06T18:00,19.7,19.2,84,0.0,17.2,3574,1018.4
Lamezia Terme,2021-11-06T19:00,19.7,18.8,81,0.0,16.6,3616,1018.4
Lamezia Terme,2021-11-06T20:00,19.6,18.4,80,0.0,16.5,3610,1018.4
Lamezia Terme,2021-11-06T21:00,19.6,18.2,79,0.26,16.1,3624,1018.9
Lamezia Terme,2021-11-06T22:00,19.7,18.4,75,0.12,15.5,3660,1018.4
Lamezia Terme,2021-11-06T23:00,19.5,18.1,77,0.0,15.6,3676,1018.4
Lamezia Terme,2021-11-07T00:00,19.4,17.9,77,0.0,15.5,3690,1017.9
Lamezia Terme,2021-11-07T01:00,19.4,18.0,75,0.0,15.3,3702,1017.9
Lamezia Terme,2021-11-07T02:00,19.4,18.0,75,0.0,15.1,3704,1017.9
Lamezia Terme,2021-11-07T03:00,19.4,17.7,72,0.0,14.5,3704,1017.4
Lamezia Terme,2021-11-07T04:00,19.5,17.6,67,0.0,13.6,3740,1016.9
Lamezia Terme,2021-11-07T05:00,19.6,17.6,65,0.0,13.0,3732,1017.4
Lamezia Terme,2021-11-07T06:00,19.4,17.4,65,0.02,13.0,3732,1017.4
Lamezia Terme,2021-11-07T07:00,19.3,17.5,66,0.0,13.2,3718,1017.9
Lamezia Terme,2021-11-07T08:00,19.7,17.9,66,0.0,13.5,3748,1017.9
Lamezia Terme,2021-11-07T09:00,20.4,18.7,67,0.0,14.5,3758,1017.9
Lamezia Terme,2021-11-07T10:00,21.3,19.5,67,0.0,15.2,3764,1017.9
Lamezia Terme,2021-11-07T11:00,21.3,19.9,69,0.0,15.8,3774,1017.9
Lamezia Terme,2021-11-07T12:00,21.8,20.0,67,0.01,15.6,3758,1017.4
Lamezia Terme,2021-11-07T13:00,21.8,20.0,66,0.0,15.6,3702,1016.9
Lamezia Terme,2021-11-07T14:00,21.6,19.9,68,0.0,15.8,3634,1016.4
Lamezia Terme,2021-11-07T15:00,20.9,19.2,71,0.01,15.9,3642,1016.4
Lamezia Terme,2021-11-07T16:00,20.2,18.9,74,0.0,15.8,3652,1016.4
Lamezia Terme,2021-11-07T17:00,19.5,17.9,76,0.0,15.5,3672,1016.9
Lamezia Terme,2021-11-07T18:00,19.5,17.5,74,0.0,15.0,3682,1016.4
Lamezia Terme,2021-11-07T19:00,19.3,17.5,74,0.0,15.0,3662,1016.9
Lamezia Terme,2021-11-07T20:00,19.2,17.3,75,0.0,14.9,3658,1016.4
Lamezia Terme,2021-11-07T21:00,19.2,17.2,75,0.0,15.0,3652,1016.4
Lamezia Terme,2021-11-07T22:00,19.2,17.3,76,0.0,15.1,3618,1016.4
Lamezia Terme,2021-11-07T23:00,19.2,17.7,76,0.01,15.3,3554,1016.9
Lamezia Terme,2021-11-08T00:00,19.3,18.3,77,0.01,15.5,3470,1016.9
Lamezia Terme,2021-11-08T01:00,19.4,18.8,76,0.01,15.5,3378,1016.9
Lamezia Terme,2021-11-08T02:00,19.5,18.8,73,1.29,14.8,3348,1016.4
Lamezia Terme,2021-11-08T03:00,19.5,18.5,68,1.29,13.9,3336,1015.9
Lamezia Terme,2021-11-08T04:00,19.4,18.2,65,1.29,13.1,3332,1014.9
Lamezia Terme,2021-11-08T05:00,19.2,18.1,68,0.0,13.6,3334,1014.9
Lamezia Terme,2021-11-08T06:00,19.0,17.9,73,0.0,14.5,3344,1015.4
Lamezia Terme,2021-11-08T07:00,18.7,17.7,79,0.0,15.4,3342,1015.9
Lamezia Terme,2021-11-08T08:00,18.5,17.5,80,1.71,15.5,3318,1015.9
Lamezia Terme,2021-11-08T09:00,18.4,17.4,80,1.71,15.3,3280,1016.4
Lamezia Terme,2021-11-08T10:00,18.3,17.4,79,1.71,15.1,3244,1016.4
Lamezia Terme,2021-11-08T11:00,18.5,17.6,77,0.01,14.9,3242,1016.4
Lamezia Terme,2021-11-08T12:00,18.9,17.9,75,0.01,14.6,3254,1015.9
Lamezia Terme,2021-11-08T13:00,19.2,18.1,73,0.01,14.5,3282,1015.9
Lamezia Terme,2021-11-08T14:00,19.0,17.8,73,0.14,14.5,3320,1015.4
Lamezia Terme,2021-11-08T15:00,18.8,17.3,76,0.14,14.7,3368,1014.9
Lamezia Terme,2021-11-08T16:00,18.4,16.8,79,0.14,15.0,3410,1014.9
Lamezia Terme,2021-11-08T17:00,18.3,16.7,80,0.07,15.2,3404,1015.4
Lamezia Terme,2021-11-08T18:00,18.2,16.7,82,0.07,15.5,3378,1015.4
Lamezia Terme,2021-11-08T19:00,18.1,16.7,84,0.07,15.7,3334,1015.9
Lamezia Terme,2021-11-08T20:00,18.1,16.7,84,0.0,15.7,3296,1016.4
Lamezia Terme,2021-11-08T21:00,18.1,16.8,83,0.0,15.5,3252,1016.4
Lamezia Terme,2021-11-08T22:00,18.2,16.8,81,0.0,15.2,3212,1016.4
Lamezia Terme,2021-11-08T23:00,18.1,16.7,80,0.0,14.9,3210,1016.9
Lamezia Terme,2021-11-09T00:00,18.1,16.6,78,0.0,14.5,3222,1016.9
Lamezia Terme,2021-11-09T01:00,18.0,16.5,76,0.0,14.1,3244,1016.9
Lamezia Terme,2021-11-09T02:00,18.0,16.5,77,0.04,14.3,3256,1016.9
Lamezia Terme,2021-11-09T03:00,18.0,16.6,79,0.04,14.7,3268,1016.9
Lamezia Terme,2021-11-09T04:00,18.0,16.7,81,0.04,15.1,3292,1017.4
Lamezia Terme,2021-11-09T05:00,17.9,16.8,82,0.01,15.1,3322,1017.4
Lamezia Terme,2021-11-09T06:00,17.9,16.7,82,0.01,15.1,3360,1017.9
Lamezia Terme,2021-11-09T07:00,17.9,16.9,82,0.01,15.2,3394,1018.4
Lamezia Terme,2021-11-09T08:00,18.2,17.2,82,0.0,15.5,3390,1019.4
Lamezia Terme,2021-11-09T09:00,18.5,17.6,83,0.0,16.0,3372,1019.9
Lamezia Terme,2021-11-09T10:00,18.9,18.0,83,0.0,16.3,3352,1021.0
Lamezia Terme,2021-11-09T11:00,19.0,18.1,82,0.0,16.2,3350,1021.0
Lamezia Terme,2021-11-09T12:00,19.1,18.0,80,0.0,15.9,3354,1021.0
Lamezia Terme,2021-11-09T13:00,19.1,18.0,78,0.0,15.6,3358,1021.0
Lamezia Terme,2021-11-09T14:00,19.8,19.2,70,0.0,16.3,3322,1025.3
Lamezia Terme,2021-11-09T15:00,19.5,18.5,65,0.0,16.6,3334,1024.8
Lamezia Terme,2021-11-09T16:00,19.1,17.7,59,0.0,16.4,3356,1024.8
Lamezia Terme,2021-11-09T17:00,18.9,17.6,59,0.0,15.3,3382,1025.3
Lamezia Terme,2021-11-09T18:00,18.7,17.6,62,0.0,13.8,3414,1025.3
Lamezia Terme,2021-11-09T19:00,18.5,17.6,64,0.0,12.0,3446,1025.9
Lamezia Terme,2021-11-09T20:00,18.4,17.5,64,0.0,11.3,3450,1025.9
Lamezia Terme,2021-11-09T21:00,18.4,17.2,63,0.0,10.9,3444,1025.9
Lamezia Terme,2021-11-09T22:00,18.3,17.1,63,0.0,10.6,3442,1026.4
Lamezia Terme,2021-11-09T23:00,18.2,17.1,66,0.0,10.6,3450,1026.4
Lamezia Terme,2021-11-10T00:00,18.1,17.3,69,0.0,10.7,3462,1026.4
Lamezia Terme,2021-11-10T01:00,18.1,17.5,74,0.0,11.1,3490,1025.9
Lamezia Terme,2021-11-10T02:00,18.2,17.7,76,0.0,11.5,3526,1025.9
Lamezia Terme,2021-11-10T03:00,18.3,18.0,77,0.0,12.0,3570,1025.9
Lamezia Terme,2021-11-10T04:00,18.4,18.2,78,0.0,12.6,3618,1025.9
Lamezia Terme,2021-11-10T05:00,18.5,18.2,79,0.0,12.7,3636,1025.9
Lamezia Terme,2021-11-10T06:00,18.4,18.0,79,0.0,12.7,3644,1025.9
Lamezia Terme,2021-11-10T07:00,18.6,18.0,79,0.0,13.0,3652,1026.4
Lamezia Terme,2021-11-10T08:00,19.0,18.4,77,0.0,13.6,3654,1026.4
Lamezia Terme,2021-11-10T09:00,19.5,18.9,75,0.0,14.3,3654,1027.0
Lamezia Terme,2021-11-10T10:00,20.0,19.4,74,0.0,15.2,3658,1027.0
Lamezia Terme,2021-11-10T11:00,20.2,19.5,74,0.0,15.5,3676,1027.0
Lamezia Terme,2021-11-10T12:00,20.2,19.6,75,0.0,15.6,3700,1026.4
Lamezia Terme,2021-11-10T13:00,19.9,19.4,78,0.0,15.7,3704,1026.4
Lamezia Terme,2021-11-10T14:00,19.5,19.1,80,0.25,16.0,3658,1025.9
Lamezia Terme,2021-11-10T15:00,19.0,18.6,82,0.25,16.3,3586,1025.9
Lamezia Terme,2021-11-10T16:00,18.3,18.0,84,0.25,16.4,3508,1025.3
Lamezia Terme,2021-11-10T17:00,18.1,17.7,84,0.26,16.0,3488,1025.3
Lamezia Terme,2021-11-10T18:00,17.9,17.4,83,0.26,15.5,3486,1025.3
Lamezia Terme,2021-11-10T19:00,17.7,17.1,82,0.26,14.8,3494,1025.3
Lamezia Terme,2021-11-10T20:00,17.6,17.0,83,0.0,14.5,3506,1025.3
Lamezia Terme,2021-11-10T21:00,17.4,16.9,85,0.0,14.2,3526,1025.3
Lamezia Terme,2021-11-10T22:00,17.3,16.9,87,0.0,13.9,3546,1025.3
Lamezia Terme,2021-11-10T23:00,17.3,17.0,88,0.0,13.7,3552,1024.8
Florence,2021-11-04T00:00,14.7,14.5,90,0.21,13.1,2520,1000.5
Florence,2021-11-04T01:00,13.8,13.1,88,0.19,11.8,2372,1001.0
Florence,2021-11-04T02:00,13.4,12.2,87,0.15,11.3,2270,1001.0
Florence,2021-11-04T03:00,13.2,11.5,83,0.03,10.4,2136,1001.5
Florence,2021-11-04T04:00,13.4,11.4,78,0.0,9.6,2045,1002.0
Florence,2021-11-04T05:00,12.7,10.3,72,0.0,7.9,1933,1002.5
Florence,2021-11-04T06:00,12.2,10.1,72,0.0,7.3,1946,1003.5
Florence,2021-11-04T07:00,11.5,9.4,71,0.0,6.5,1780,1005.1
Florence,2021-11-04T08:00,12.2,10.1,70,0.0,6.9,1812,1006.1
Florence,2021-11-04T09:00,13.6,11.7,66,0.0,7.4,1827,1007.6
Florence,2021-11-04T10:00,15.2,12.9,58,0.0,7.1,1839,1008.1
Florence,2021-11-04T11:00,16.4,13.3,51,0.0,6.2,1866,1009.6
Florence,2021-11-04T12:00,16.7,13.2,47,0.0,5.3,1840,1009.1
Florence,2021-11-04T13:00,17.1,13.8,45,0.0,5.0,1870,1009.6
Florence,2021-11-04T14:00,16.8,13.1,45,0.0,4.9,1934,1009.6
Florence,2021-11-04T15:00,16.1,12.7,50,0.0,5.6,1965,1010.1
Florence,2021-11-04T16:00,15.2,12.4,54,0.0,6.0,1962,1010.1
Florence,2021-11-04T17:00,13.7,11.7,61,0.0,6.3,1953,1011.1
Florence,2021-11-04T18:00,12.4,10.9,68,0.0,6.7,1952,1011.6
Florence,2021-11-04T19:00,11.2,9.7,74,0.0,6.8,1941,1012.7
Florence,2021-11-04T20:00,9.8,8.2,82,0.0,6.9,1958,1013.2
Florence,2021-11-04T21:00,9.1,7.6,86,0.0,6.9,1975,1013.7
Florence,2021-11-04T22:00,8.7,7.4,89,0.0,6.9,1990,1013.7
Florence,2021-11-04T23:00,8.4,7.1,90,0.0,6.9,2008,1014.2
Florence,2021-11-05T00:00,8.3,7.0,89,0.0,6.7,2016,1014.2
Florence,2021-11-05T01:00,8.3,6.9,89,0.0,6.6,1990,1014.7
Florence,2021-11-05T02:00,8.5,7.2,88,0.0,6.7,1955,1015.2
Florence,2021-11-05T03:00,8.5,7.3,88,0.0,6.6,1930,1015.2
Florence,2021-11-05T04:00,8.2,7.0,89,0.0,6.5,1926,1014.7
Florence,2021-11-05T05:00,7.7,6.5,91,0.0,6.4,1952,1015.2
Florence,2021-11-05T06:00,7.6,6.3,92,0.0,6.3,1958,1015.2
Florence,2021-11-05T07:00,7.2,5.7,93,0.0,6.1,1969,1015.7
Florence,2021-11-05T08:00,7.8,6.6,90,0.0,6.3,2006,1016.2
Florence,2021-11-05T09:00,10.4,9.5,82,0.0,7.5,2013,1016.7
Florence,2021-11-05T10:00,13.4,12.1,63,0.0,6.6,2040,1016.2
Florence,2021-11-05T11:00,14.7,12.1,58,0.0,6.6,2039,1016.7
Florence,2021-11-05T12:00,14.8,11.0,57,0.0,6.5,2056,1016.2
Florence,2021-11-05T13:00,14.6,10.8,57,0.0,6.1,2058,1016.2
Florence,2021-11-05T14:00,14.2,10.4,57,0.0,5.9,2014,1016.2
Florence,2021-11-05T15:00,13.5,10.2,59,0.2,5.7,1973,1015.7
Florence,2021-11-05T16:00,12.8,9.8,61,0.14,5.4,1911,1015.7
Florence,2021-11-05T17:00,12.0,9.5,66,0.07,5.8,1963,1016.2
Florence,2021-11-05T18:00,11.8,9.9,69,0.04,6.3,1880,1016.7
Florence,2021-11-05T19:00,11.9,10.1,67,0.0,6.1,1826,1016.7
Florence,2021-11-05T20:00,11.9,9.8,65,0.0,5.6,1723,1016.7
Florence,2021-11-05T21:00,11.7,9.0,66,0.01,5.5,1825,1016.7
Florence,2021-11-05T22:00,11.4,8.8,72,0.38,6.5,1943,1016.7
Florence,2021-11-05T23:00,11.2,8.7,74,0.63,6.7,1978,1016.7
Florence,2021-11-06T00:00,11.2,8.5,74,0.5,6.7,1979,1016.7
Florence,2021-11-06T01:00,11.6,9.1,72,0.04,6.7,1961,1016.7
Florence,2021-11-06T02:00,11.6,8.6,70,0.01,6.4,1986,1017.7
Florence,2021-11-06T03:00,11.4,8.1,70,0.0,6.1,2070,1017.7
Florence,2021-11-06T04:00,11.4,8.2,69,0.0,5.9,2078,1018.2
Florence,2021-11-06T05:00,11.4,8.3,68,0.0,5.8,2074,1018.7
Florence,2021-11-06T06:00,11.4,8.6,69,0.0,5.9,2060,1019.2
Florence,2021-11-06T07:00,11.4,8.4,68,0.0,5.8,2048,1020.3
Florence,2021-11-06T08:00,11.4,8.4,69,0.0,5.8,2094,1021.3
Florence,2021-11-06T09:00,11.8,8.5,68,0.0,6.0,2132,1021.8
Florence,2021-11-06T10:00,12.2,8.8,67,0.0,6.3,2156,1022.3
Florence,2021-11-06T11:00,13.0,9.5,65,0.0,6.5,2180,1022.8
Florence,2021-11-06T12:00,13.5,9.6,65,0.0,7.0,2174,1022.3
Florence,2021-11-06T13:00,13.4,9.3,65,0.0,7.1,2174,1021.8
Florence,2021-11-06T14:00,13.7,9.2,59,0.0,6.0,2256,1022.1
Florence,2021-11-06T15:00,13.2,8.5,61,0.0,6.1,2322,1022.1
Florence,2021-11-06T16:00,12.5,8.0,61,0.0,5.3,2474,1022.1
Florence,2021-11-06T17:00,12.0,7.8,63,0.0,5.4,2546,1021.6
Florence,2021-11-06T18:00,11.8,7.7,63,0.0,5.2,2616,1021.6
Florence,2021-11-06T19:00,11.7,7.6,61,0.0,4.7,2772,1021.6
Florence,2021-11-06T20:00,11.7,7.7,62,0.0,4.8,2772,1021.1
Florence,2021-11-06T21:00,11.6,7.5,61,0.0,4.4,2764,1021.1
Florence,2021-11-06T22:00,11.7,7.5,61,0.0,4.5,2750,1020.6
Florence,2021-11-06T23:00,11.9,8.2,60,0.0,4.5,2692,1020.6
Florence,2021-11-07T00:00,12.1,8.0,59,0.0,4.6,2784,1020.0
Florence,2021-11-07T01:00,12.1,8.2,61,0.02,5.0,2978,1019.0
Florence,2021-11-07T02:00,11.9,8.1,64,0.19,5.5,2914,1018.5
Florence,2021-11-07T03:00,11.6,7.8,68,0.47,6.0,2840,1018.5
Florence,2021-11-07T04:00,11.6,8.5,67,0.18,5.8,3018,1018.0
Florence,2021-11-07T05:00,11.8,9.0,66,0.01,5.8,3060,1018.0
Florence,2021-11-07T06:00,11.9,9.4,65,0.0,5.8,3120,1017.5
Florence,2021-11-07T07:00,12.0,9.9,67,0.18,6.3,3120,1018.0
Florence,2021-11-07T08:00,12.3,10.2,69,0.01,7.0,3108,1018.5
Florence,2021-11-07T09:00,13.1,10.8,68,0.0,7.4,3166,1018.0
Florence,2021-11-07T10:00,14.1,11.3,65,0.0,7.8,3194,1018.0
Florence,2021-11-07T11:00,15.0,12.3,63,0.0,8.3,3258,1018.0
Florence,2021-11-07T12:00,15.9,13.1,61,0.0,8.7,3204,1017.5
Florence,2021-11-07T13:00,16.3,13.6,60,0.0,8.9,3198,1016.5
Florence,2021-11-07T14:00,16.1,13.4,62,0.0,9.1,3186,1016.0
Florence,2021-11-07T15:00,15.5,13.2,64,0.0,8.9,3248,1015.5
Florence,2021-11-07T16:00,15.0,13.2,65,0.0,8.7,3244,1015.5
Florence,2021-11-07T17:00,14.0,12.6,69,0.0,8.4,3228,1015.5
Florence,2021-11-07T18:00,13.2,12.1,74,0.0,8.5,3252,1015.5
Florence,2021-11-07T19:00,12.7,11.8,77,0.0,8.7,3234,1015.5
Florence,2021-11-07T20:00,12.5,11.6,79,0.0,8.8,3214,1015.5
Florence,2021-11-07T21:00,12.3,11.5,81,0.0,9.0,3186,1016.0
Florence,2021-11-07T22:00,12.2,11.5,83,0.0,9.3,3154,1016.0
Florence,2021-11-07T23:00,12.2,11.4,83,0.0,9.2,3142,1016.0
Florence,2021-11-08T00:00,12.1,11.3,82,0.0,9.1,3136,1015.5
Florence,2021-11-08T01:00,12.0,11.1,82,0.0,9.0,3128,1015.5
Florence,2021-11-08T02:00,11.8,11.0,83,0.0,9.0,3126,1015.0
Florence,2021-11-08T03:00,11.6,10.7,85,0.0,8.9,3122,1015.0
Florence,2021-11-08T04:00,11.3,10.5,86,0.0,9.0,3094,1014.5
Florence,2021-11-08T05:00,11.2,10.4,87,0.0,9.0,3042,1014.5
Florence,2021-11-08T06:00,11.1,10.4,88,0.0,9.0,2972,1014.5
Florence,2021-11-08T07:00,11.5,10.9,87,0.0,9.3,2872,1014.5
Florence,2021-11-08T08:00,12.5,12.0,84,0.0,9.8,2784,1015.0
Florence,2021-11-08T09:00,13.8,13.6,80,0.0,10.4,2690,1015.0
Florence,2021-11-08T10:00,15.5,15.6,75,0.0,11.1,2614,1015.5
Florence,2021-11-08T11:00,16.5,16.8,72,0.01,11.5,2636,1015.5
Florence,2021-11-08T12:00,17.5,17.8,68,0.01,11.8,2700,1015.0
Florence,2021-11-08T13:00,18.1,18.3,66,0.01,11.9,2746,1015.0
Florence,2021-11-08T14:00,17.7,17.5,67,0.2,11.8,2684,1015.5
Florence,2021-11-08T15:00,16.8,16.1,70,0.2,11.5,2582,1015.5
Florence,2021-11-08T16:00,15.6,14.5,74,0.2,11.2,2504,1016.0
Florence,2021-11-08T17:00,14.9,14.2,79,1.8,11.5,2558,1016.5
Florence,2021-11-08T18:00,14.2,14.1,85,1.8,11.9,2664,1016.5
Florence,2021-11-08T19:00,13.6,13.9,90,1.8,12.2,2770,1017.0
Florence,2021-11-08T20:00,13.4,13.7,89,0.44,11.8,2768,1017.5
Florence,2021-11-08T21:00,13.5,13.4,84,0.44,11.1,2732,1017.5
Florence,2021-11-08T22:00,13.6,13.1,79,0.44,10.2,2684,1018.0
Florence,2021-11-08T23:00,13.6,12.7,77,0.02,9.8,2666,1018.0
Florence,2021-11-09T00:00,13.6,12.4,75,0.02,9.5,2654,1018.0
Florence,2021-11-09T01:00,13.6,11.9,75,0.02,9.3,2644,1018.5
Florence,2021-11-09T02:00,13.4,11.4,77,0.0,9.5,2634,1018.5
Florence,2021-11-09T03:00,13.1,11.0,80,0.0,9.8,2626,1018.5
Florence,2021-11-09T04:00,12.9,10.5,82,0.0,10.1,2646,1019.0
Florence,2021-11-09T05:00,12.9,10.3,81,0.0,9.8,2712,1019.0
Florence,2021-11-09T06:00,12.9,10.2,78,0.0,9.4,2802,1019.0
Florence,2021-11-09T07:00,13.2,10.3,75,0.0,8.9,2900,1019.5
Florence,2021-11-09T08:00,13.8,10.8,71,0.0,8.8,2924,1020.0
Florence,2021-11-09T09:00,14.5,11.4,68,0.0,8.8,2926,1020.6
Florence,2021-11-09T10:00,15.1,12.0,65,0.0,8.7,2924,1021.6
Florence,2021-11-09T11:00,14.8,12.0,65,0.46,8.6,2930,1022.1
Florence,2021-11-09T12:00,14.1,11.7,67,0.46,8.4,2934,1022.1
Florence,2021-11-09T13:00,13.4,11.4,70,0.46,8.2,2936,1022.6
Florence,2021-11-09T14:00,13.3,11.7,74,0.55,11.0,2910,1022.8
Florence,2021-11-09T15:00,13.5,11.9,73,0.55,11.0,2980,1023.3
Florence,2021-11-09T16:00,13.6,12.1,71,0.55,10.8,3036,1023.3
Florence,2021-11-09T17:00,13.5,11.9,71,0.01,10.5,3006,1023.8
Florence,2021-11-09T18:00,13.2,11.7,72,0.01,10.2,2940,1024.3
Florence,2021-11-09T19:00,12.8,11.3,73,0.01,9.7,2880,1024.9
Florence,2021-11-09T20:00,12.5,11.0,74,0.0,9.6,2894,1024.9
Florence,2021-11-09T21:00,12.2,10.8,75,0.0,9.5,2934,1024.9
Florence,2021-11-09T22:00,11.8,10.3,77,0.0,9.3,2976,1025.4
Florence,2021-11-09T23:00,11.3,9.9,79,0.0,9.0,2968,1025.4
Florence,2021-11-10T00:00,10.9,9.4,81,0.0,8.6,2946,1025.4
Florence,2021-11-10T01:00,10.4,8.9,83,0.0,8.2,2940,1024.9
Florence,2021-11-10T02:00,10.2,8.7,83,0.0,8.0,2976,1024.9
Florence,2021-11-10T03:00,10.2,8.6,83,0.0,7.9,3032,1024.9
Florence,2021-11-10T04:00,10.2,8.6,82,0.0,7.9,3092,1024.3
Florence,2021-11-10T05:00,10.0,8.5,82,0.0,7.9,3108,1023.8
Florence,2021-11-10T06:00,9.9,8.4,83,0.0,7.9,3108,1023.8
Florence,2021-11-10T07:00,10.2,8.7,82,0.0,8.2,3106,1023.3
Florence,2021-11-10T08:00,11.2,9.9,78,0.0,8.5,3108,1023.8
Florence,2021-11-10T09:00,12.7,11.4,73,0.0,9.0,3110,1023.8
Florence,2021-11-10T10:00,14.4,13.1,67,0.0,9.7,3102,1023.8
Florence,2021-11-10T11:00,14.9,13.6,65,0.02,10.2,3074,1023.8
Florence,2021-11-10T12:00,15.2,13.8,65,0.02,10.7,3038,1023.8
Florence,2021-11-10T13:00,15.3,13.8,64,0.02,11.3,3008,1023.3
Florence,2021-11-10T14:00,15.4,13.9,63,0.0,11.5,3016,1022.8
Florence,2021-11-10T15:00,15.4,13.9,63,0.0,11.6,3040,1022.8
Florence,2021-11-10T16:00,15.1,13.7,63,0.0,11.4,3078,1022.3
Florence,2021-11-10T17:00,14.4,13.2,66,0.0,11.1,3110,1022.3
Florence,2021-11-10T18:00,13.6,12.4,70,0.0,10.7,3148,1022.8
Florence,2021-11-10T19:00,12.5,11.3,75,0.0,10.1,3196,1022.8
Florence,2021-11-10T20:00,11.8,10.7,78,0.0,9.9,3228,1022.8
Florence,2021-11-10T21:00,11.2,10.1,82,0.0,9.7,3260,1022.8
Florence,2021-11-10T22:00,10.5,9.4,85,0.0,9.4,3286,1022.3
Florence,2021-11-10T23:00,10.0,8.9,87,0.0,9.1,3284,1022.3
Urbania,2021-11-04T00:00,15.3,13.2,81,0.0,12.0,2990,1001.6
Urbania,2021-11-04T01:00,14.3,10.8,79,0.0,10.6,2896,1001.6
Urbania,2021-11-04T02:00,14.1,10.6,79,0.0,10.4,2840,1001.6
Urbania,2021-11-04T03:00,13.9,10.3,78,0.0,10.2,2772,1002.1
Urbania,2021-11-04T04:00,13.9,9.7,78,0.0,10.0,2630,1001.6
Urbania,2021-11-04T05:00,13.2,9.5,78,0.0,9.4,2460,1002.6
Urbania,2021-11-04T06:00,12.5,9.0,79,0.0,9.0,2242,1004.2
Urbania,2021-11-04T07:00,11.3,7.5,79,0.0,7.8,2190,1006.3
Urbania,2021-11-04T08:00,11.6,7.4,76,0.0,7.5,2250,1007.3
Urbania,2021-11-04T09:00,12.6,8.0,70,0.0,7.2,2308,1008.4
Urbania,2021-11-04T10:00,13.7,9.2,66,0.0,7.5,2358,1008.4
Urbania,2021-11-04T11:00,14.2,9.4,65,0.0,7.7,2436,1009.9
Urbania,2021-11-04T12:00,14.7,9.4,62,0.0,7.4,2468,1009.4
Urbania,2021-11-04T13:00,14.7,10.2,64,0.0,8.1,2346,1009.9
Urbania,2021-11-04T14:00,14.8,10.3,63,0.0,7.9,2434,1009.9
Urbania,2021-11-04T15:00,14.5,10.8,67,0.0,8.4,2446,1009.9
Urbania,2021-11-04T16:00,14.2,11.3,67,0.0,8.1,2364,1010.4
Urbania,2021-11-04T17:00,13.0,11.1,72,0.0,8.2,2370,1011.5
Urbania,2021-11-04T18:00,12.1,10.8,77,0.0,8.3,2394,1012.0
Urbania,2021-11-04T19:00,11.4,10.4,80,0.0,8.0,2366,1013.6
Urbania,2021-11-04T20:00,10.5,9.8,83,0.0,7.6,2240,1014.1
Urbania,2021-11-04T21:00,9.9,9.2,85,0.0,7.6,2076,1015.1
Urbania,2021-11-04T22:00,9.2,8.3,90,0.0,7.6,2094,1015.1
Urbania,2021-11-04T23:00,8.7,7.7,93,0.0,7.7,1930,1015.6
Urbania,2021-11-05T00:00,8.3,7.3,96,0.0,7.6,1982,1015.6
Urbania,2021-11-05T01:00,7.8,6.7,96,0.0,7.3,1955,1016.2
Urbania,2021-11-05T02:00,7.3,6.0,97,0.0,6.8,2022,1016.2
Urbania,2021-11-05T03:00,7.3,5.9,96,0.0,6.6,2086,1016.2
Urbania,2021-11-05T04:00,7.3,6.2,96,0.0,6.7,2098,1016.2
Urbania,2021-11-05T05:00,7.3,6.1,96,0.14,6.8,2100,1016.7
Urbania,2021-11-05T06:00,7.6,6.4,96,0.0,6.9,1978,1016.7
Urbania,2021-11-05T07:00,7.6,6.5,96,0.0,7.0,2039,1017.2
Urbania,2021-11-05T08:00,8.6,7.8,93,0.0,7.5,2047,1017.7
Urbania,2021-11-05T09:00,10.4,9.6,90,0.0,8.8,2068,1018.8
Urbania,2021-11-05T10:00,10.9,9.9,82,0.0,8.0,2084,1018.8
Urbania,2021-11-05T11:00,11.5,10.0,76,0.0,7.4,2039,1019.3
Urbania,2021-11-05T12:00,11.6,9.7,77,0.03,7.7,1924,1018.8
Urbania,2021-11-05T13:00,11.3,9.8,85,0.35,8.9,1899,1018.8
Urbania,2021-11-05T14:00,11.2,9.5,86,0.2,9.0,1888,1018.2
Urbania,2021-11-05T15:00,10.8,9.0,86,0.16,8.6,1879,1018.2
Urbania,2021-11-05T16:00,10.1,8.3,88,0.51,8.3,1806,1018.2
Urbania,2021-11-05T17:00,9.7,8.1,91,1.08,8.3,1809,1018.2
Urbania,2021-11-05T18:00,9.6,8.4,93,1.25,8.5,1831,1018.8
Urbania,2021-11-05T19:00,9.5,8.3,94,1.6,8.7,1838,1018.8
Urbania,2021-11-05T20:00,9.5,8.4,95,0.45,8.7,1747,1018.8
Urbania,2021-11-05T21:00,9.4,8.3,95,0.83,8.7,1894,1018.2
Urbania,2021-11-05T22:00,9.4,8.7,96,1.9,8.9,2068,1018.8
Urbania,2021-11-05T23:00,9.5,8.5,96,4.02,8.9,2220,1018.8
Urbania,2021-11-06T00:00,9.3,7.6,96,1.14,8.7,2160,1019.3
Urbania,2021-11-06T01:00,9.3,8.0,96,0.58,8.6,2140,1019.3
Urbania,2021-11-06T02:00,9.2,8.0,95,0.12,8.4,2126,1019.8
Urbania,2021-11-06T03:00,9.1,8.1,95,0.09,8.3,2112,1019.8
Urbania,2021-11-06T04:00,9.0,7.7,92,0.1,7.8,2146,1020.3
Urbania,2021-11-06T05:00,8.9,8.0,91,0.03,7.6,2116,1020.8
Urbania,2021-11-06T06:00,8.9,8.1,91,0.02,7.5,2154,1021.4
Urbania,2021-11-06T07:00,9.0,8.0,90,0.01,7.3,2088,1021.9
Urbania,2021-11-06T08:00,9.2,8.1,89,0.0,7.6,2060,1022.9
Urbania,2021-11-06T09:00,9.6,8.6,88,0.0,7.8,2076,1024.0
Urbania,2021-11-06T10:00,10.0,8.9,85,0.0,7.7,2112,1024.5
Urbania,2021-11-06T11:00,10.3,8.7,84,0.01,7.7,2148,1025.0
Urbania,2021-11-06T12:00,10.5,8.9,84,0.0,7.9,2182,1024.5
Urbania,2021-11-06T13:00,10.8,9.0,83,0.0,8.1,2254,1024.0
Urbania,2021-11-06T14:00,10.4,7.6,85,0.01,8.0,2414,1025.0
Urbania,2021-11-06T15:00,10.6,7.6,82,0.01,7.7,2458,1025.0
Urbania,2021-11-06T16:00,10.3,7.3,82,0.02,7.4,2634,1025.0
Urbania,2021-11-06T17:00,10.0,7.4,81,0.02,7.0,2728,1025.0
Urbania,2021-11-06T18:00,9.7,7.7,81,0.01,6.8,2770,1025.0
Urbania,2021-11-06T19:00,9.7,7.7,81,0.0,6.7,2816,1025.0
Urbania,2021-11-06T20:00,9.5,7.8,83,0.0,6.9,2830,1024.4
Urbania,2021-11-06T21:00,9.5,8.3,84,0.0,7.1,2816,1025.0
Urbania,2021-11-06T22:00,9.5,7.6,84,0.07,7.1,2920,1024.4
Urbania,2021-11-06T23:00,9.4,7.9,87,0.47,7.4,2900,1024.4
Urbania,2021-11-07T00:00,9.2,7.8,90,2.88,7.7,2922,1023.9
Urbania,2021-11-07T01:00,9.1,7.9,91,3.59,7.8,2716,1023.4
Urbania,2021-11-07T02:00,8.8,7.4,94,2.87,7.9,2962,1023.4
Urbania,2021-11-07T03:00,8.6,7.3,96,4.61,7.9,2882,1022.9
Urbania,2021-11-07T04:00,8.4,7.2,97,3.62,8.0,3066,1022.3
Urbania,2021-11-07T05:00,8.5,7.4,96,0.46,8.0,3080,1022.3
Urbania,2021-11-07T06:00,8.6,7.5,96,0.06,8.0,3098,1022.3
Urbania,2021-11-07T07:00,8.8,7.8,95,0.0,8.0,3186,1022.3
Urbania,2021-11-07T08:00,9.0,7.9,94,0.0,8.2,3244,1022.9
Urbania,2021-11-07T09:00,9.3,8.0,93,0.0,8.3,3230,1022.9
Urbania,2021-11-07T10:00,9.5,8.2,93,0.0,8.4,3238,1022.9
Urbania,2021-11-07T11:00,9.9,8.3,90,0.0,8.4,3338,1022.9
Urbania,2021-11-07T12:00,10.6,9.1,88,0.0,8.8,3342,1022.3
Urbania,2021-11-07T13:00,11.2,9.6,87,0.0,9.2,3362,1021.3
Urbania,2021-11-07T14:00,10.8,9.4,90,0.01,9.2,3376,1021.3
Urbania,2021-11-07T15:00,10.5,9.2,90,0.01,8.9,3380,1020.8
Urbania,2021-11-07T16:00,10.4,9.3,90,0.0,8.8,3384,1020.2
Urbania,2021-11-07T17:00,10.2,9.3,90,0.0,8.8,3376,1020.2
Urbania,2021-11-07T18:00,10.1,9.3,91,0.0,8.8,3340,1020.2
Urbania,2021-11-07T19:00,10.1,9.3,92,0.0,8.8,3294,1020.2
Urbania,2021-11-07T20:00,10.0,9.2,92,0.0,8.8,3280,1020.2
Urbania,2021-11-07T21:00,9.9,9.0,92,0.0,8.8,3274,1019.7
Urbania,2021-11-07T22:00,9.8,8.9,92,0.0,8.8,3258,1019.7
Urbania,2021-11-07T23:00,9.7,8.9,93,0.0,8.7,3230,1019.7
Urbania,2021-11-08T00:00,9.6,8.9,92,0.0,8.6,3194,1019.7
Urbania,2021-11-08T01:00,9.5,8.9,92,0.0,8.5,3164,1019.2
Urbania,2021-11-08T02:00,9.5,8.9,93,0.0,8.5,3166,1018.7
Urbania,2021-11-08T03:00,9.5,8.9,93,0.0,8.5,3180,1018.7
Urbania,2021-11-08T04:00,9.5,8.8,93,0.0,8.6,3192,1018.2
Urbania,2021-11-08T05:00,9.5,8.9,94,0.0,8.5,3188,1018.2
Urbania,2021-11-08T06:00,9.4,8.9,94,0.0,8.5,3178,1018.2
Urbania,2021-11-08T07:00,9.5,8.9,94,0.0,8.6,3132,1018.7
Urbania,2021-11-08T08:00,10.0,9.4,94,0.01,9.0,3046,1018.7
Urbania,2021-11-08T09:00,10.8,10.3,93,0.01,9.6,2930,1019.2
Urbania,2021-11-08T10:00,11.6,11.1,91,0.01,10.2,2822,1019.2
Urbania,2021-11-08T11:00,11.9,11.3,90,0.07,10.3,2816,1019.2
Urbania,2021-11-08T12:00,12.0,11.2,89,0.07,10.3,2848,1019.2
Urbania,2021-11-08T13:00,11.9,10.9,89,0.07,10.2,2886,1019.2
Urbania,2021-11-08T14:00,11.7,10.7,89,1.24,10.1,2892,1019.2
Urbania,2021-11-08T15:00,11.3,10.4,90,1.24,9.8,2888,1019.2
Urbania,2021-11-08T16:00,10.8,10.1,91,1.24,9.5,2880,1019.2
Urbania,2021-11-08T17:00,10.6,9.8,91,0.68,9.4,2872,1019.2
Urbania,2021-11-08T18:00,10.6,9.6,91,0.68,9.2,2860,1019.7
Urbania,2021-11-08T19:00,10.5,9.3,91,0.68,9.1,2842,1020.2
Urbania,2021-11-08T20:00,10.5,9.4,91,0.82,9.1,2828,1020.8
Urbania,2021-11-08T21:00,10.4,9.7,91,0.82,9.1,2812,1020.8
Urbania,2021-11-08T22:00,10.4,9.8,92,0.82,9.3,2786,1021.3
Urbania,2021-11-08T23:00,10.4,9.7,93,0.3,9.4,2762,1021.8
Urbania,2021-11-09T00:00,10.4,9.6,95,0.3,9.6,2736,1021.8
Urbania,2021-11-09T01:00,10.4,9.6,96,0.3,9.8,2714,1022.3
Urbania,2021-11-09T02:00,10.5,9.6,96,0.0,9.9,2716,1022.3
Urbania,2021-11-09T03:00,10.5,9.7,96,0.0,10.0,2728,1022.9
Urbania,2021-11-09T04:00,10.6,9.8,96,0.0,10.0,2758,1022.9
Urbania,2021-11-09T05:00,10.7,9.8,95,0.01,10.0,2790,1023.4
Urbania,2021-11-09T06:00,10.8,9.8,94,0.01,10.0,2830,1023.4
Urbania,2021-11-09T07:00,11.0,9.9,93,0.01,9.9,2902,1023.9
Urbania,2021-11-09T08:00,11.2,10.0,91,0.0,9.9,2988,1024.4
Urbania,2021-11-09T09:00,11.4,10.0,90,0.0,9.8,3092,1025.5
Urbania,2021-11-09T10:00,11.6,10.1,88,0.0,9.7,3186,1026.0
Urbania,2021-11-09T11:00,11.7,10.2,87,0.02,9.7,3188,1026.5
Urbania,2021-11-09T12:00,11.8,10.3,86,0.02,9.6,3154,1026.5
Urbania,2021-11-09T13:00,11.9,10.3,85,0.02,9.5,3114,1027.1
Urbania,2021-11-09T14:00,11.5,9.3,88,0.13,10.8,3020,1026.9
Urbania,2021-11-09T15:00,11.4,9.5,89,0.13,10.6,3004,1026.9
Urbania,2021-11-09T16:00,11.2,9.6,89,0.13,10.3,2984,1026.9
Urbania,2021-11-09T17:00,11.1,9.7,89,0.05,9.9,2970,1027.5
Urbania,2021-11-09T18:00,11.0,9.7,89,0.05,9.4,2958,1027.5
Urbania,2021-11-09T19:00,10.9,9.6,89,0.05,8.8,2954,1028.0
Urbania,2021-11-09T20:00,10.8,9.5,88,0.06,8.5,2964,1028.0
Urbania,2021-11-09T21:00,10.7,9.4,87,0.06,8.2,2982,1028.5
Urbania,2021-11-09T22:00,10.5,9.1,87,0.06,7.9,3012,1028.5
Urbania,2021-11-09T23:00,10.2,8.8,89,0.0,7.8,3038,1028.5
Urbania,2021-11-10T00:00,9.9,8.5,91,0.0,7.8,3068,1028.5
Urbania,2021-11-10T01:00,9.6,8.2,93,0.0,7.9,3108,1028.5
Urbania,2021-11-10T02:00,9.5,8.1,93,0.0,8.2,3134,1028.5
Urbania,2021-11-10T03:00,9.6,8.2,92,0.0,8.7,3158,1028.0
Urbania,2021-11-10T04:00,9.7,8.1,90,0.0,9.2,3190,1028.0
Urbania,2021-11-10T05:00,9.5,7.9,89,0.0,9.5,3210,1027.5
Urbania,2021-11-10T06:00,9.3,7.6,88,0.0,9.7,3226,1027.5
Urbania,2021-11-10T07:00,9.3,7.5,87,0.0,9.9,3248,1026.9
Urbania,2021-11-10T08:00,9.7,7.9,85,0.0,10.2,3272,1026.9
Urbania,2021-11-10T09:00,10.2,8.5,83,0.0,10.5,3298,1027.5
Urbania,2021-11-10T10:00,10.9,9.4,82,0.0,10.8,3296,1028.0
Urbania,2021-11-10T11:00,11.3,9.9,82,0.03,11.0,3236,1027.5
Urbania,2021-11-10T12:00,11.7,10.4,82,0.03,11.3,3142,1026.9
Urbania,2021-11-10T13:00,12.0,10.8,84,0.03,11.5,3054,1026.4
Urbania,2021-11-10T14:00,12.0,10.9,85,0.04,11.6,3052,1026.4
Urbania,2021-11-10T15:00,11.9,10.9,87,0.04,11.7,3080,1025.9
Urbania,2021-11-10T16:00,11.5,10.6,89,0.04,11.7,3132,1025.9
Urbania,2021-11-10T17:00,11.0,10.1,92,0.0,11.6,3172,1025.9
Urbania,2021-11-10T18:00,10.3,9.4,95,0.0,11.4,3220,1025.9
Urbania,2021-11-10T19:00,9.5,8.6,97,0.0,11.1,3278,1025.9
Urbania,2021-11-10T20:00,9.2,8.3,98,0.0,11.0,3314,1025.9
Urbania,2021-11-10T21:00,9.0,8.1,99,0.0,11.0,3344,1025.9
Urbania,2021-11-10T22:00,8.9,8.1,99,0.0,10.9,3374,1025.3
Urbania,2021-11-10T23:00,9.0,8.2,99,0.0,10.7,3380,1025.3
San Martino in Pensilis,2021-11-04T00:00,18.1,16.4,79,0.0,14.3,3400,1004.1
San Martino in Pensilis,2021-11-04T01:00,18.7,17.0,77,0.0,14.3,3506,1003.1
San Martino in Pensilis,2021-11-04T02:00,19.8,18.5,71,0.15,14.1,3458,1003.6
San Martino in Pensilis,2021-11-04T03:00,20.6,18.0,68,0.01,14.5,3434,1004.1
San Martino in Pensilis,2021-11-04T04:00,19.7,18.7,74,0.0,14.8,3242,1004.6
San Martino in Pensilis,2021-11-04T05:00,18.7,18.5,78,0.0,14.7,3428,1004.6
San Martino in Pensilis,2021-11-04T06:00,17.9,17.2,74,0.0,13.1,3540,1005.1
San Martino in Pensilis,2021-11-04T07:00,16.3,16.5,78,0.0,12.3,3474,1006.6
San Martino in Pensilis,2021-11-04T08:00,17.5,17.3,68,0.0,11.5,3332,1008.2
San Martino in Pensilis,2021-11-04T09:00,19.2,19.1,65,0.0,12.5,3226,1009.2
San Martino in Pensilis,2021-11-04T10:00,21.0,19.6,56,0.0,11.9,3260,1009.7
San Martino in Pensilis,2021-11-04T11:00,20.9,17.4,48,0.0,9.7,3158,1010.7
San Martino in Pensilis,2021-11-04T12:00,20.0,15.8,49,0.0,9.0,3192,1010.7
San Martino in Pensilis,2021-11-04T13:00,20.3,18.2,55,0.0,10.9,3198,1010.7
San Martino in Pensilis,2021-11-04T14:00,19.3,17.7,61,0.0,11.5,3132,1010.7
San Martino in Pensilis,2021-11-04T15:00,18.8,18.4,67,0.02,12.5,3230,1010.2
San Martino in Pensilis,2021-11-04T16:00,18.3,18.9,71,0.0,13.0,3208,1009.7
San Martino in Pensilis,2021-11-04T17:00,17.5,17.7,72,0.0,12.3,3234,1010.2
San Martino in Pensilis,2021-11-04T18:00,15.6,15.4,79,0.0,11.8,3188,1010.2
San Martino in Pensilis,2021-11-04T19:00,14.6,14.5,82,0.0,11.5,3226,1011.7
San Martino in Pensilis,2021-11-04T20:00,13.8,13.1,86,0.0,11.3,3184,1012.2
San Martino in Pensilis,2021-11-04T21:00,13.8,13.1,84,0.0,11.1,3082,1012.2
San Martino in Pensilis,2021-11-04T22:00,13.8,13.2,84,0.19,11.1,3102,1012.7
San Martino in Pensilis,2021-11-04T23:00,13.9,13.4,84,0.0,11.1,3046,1012.7
San Martino in Pensilis,2021-11-05T00:00,13.4,13.1,87,0.0,11.2,3040,1012.7
San Martino in Pensilis,2021-11-05T01:00,12.8,12.4,88,0.0,10.9,3016,1013.2
San Martino in Pensilis,2021-11-05T02:00,13.0,11.9,81,0.0,9.6,2960,1013.8
San Martino in Pensilis,2021-11-05T03:00,14.3,13.0,80,0.03,10.7,2862,1014.3
San Martino in Pensilis,2021-11-05T04:00,14.7,14.0,85,0.6,12.1,2842,1014.3
San Martino in Pensilis,2021-11-05T05:00,14.8,14.1,79,0.01,11.1,2920,1014.8
San Martino in Pensilis,2021-11-05T06:00,14.7,14.2,78,0.05,10.9,2802,1015.3
San Martino in Pensilis,2021-11-05T07:00,14.5,14.1,81,0.01,11.1,2816,1015.3
San Martino in Pensilis,2021-11-05T08:00,14.8,14.5,82,0.0,11.7,2810,1016.3
San Martino in Pensilis,2021-11-05T09:00,15.2,14.5,81,0.0,11.9,2822,1016.8
San Martino in Pensilis,2021-11-05T10:00,15.5,14.6,80,0.0,12.1,2904,1016.8
San Martino in Pensilis,2021-11-05T11:00,16.0,15.4,78,0.32,12.1,2910,1017.3
San Martino in Pensilis,2021-11-05T12:00,15.9,15.1,77,0.16,11.8,2924,1016.8
San Martino in Pensilis,2021-11-05T13:00,15.1,14.3,82,0.1,12.0,2960,1016.8
San Martino in Pensilis,2021-11-05T14:00,15.0,14.0,82,0.07,12.0,2948,1016.3
San Martino in Pensilis,2021-11-05T15:00,14.7,13.8,83,0.03,11.9,2960,1016.3
San Martino in Pensilis,2021-11-05T16:00,14.2,13.8,87,0.4,11.9,2936,1016.8
San Martino in Pensilis,2021-11-05T17:00,13.9,13.8,88,0.0,11.9,3000,1016.8
San Martino in Pensilis,2021-11-05T18:00,13.8,13.8,92,1.16,12.4,2974,1017.8
San Martino in Pensilis,2021-11-05T19:00,13.7,13.3,89,0.01,11.7,2950,1017.8
San Martino in Pensilis,2021-11-05T20:00,13.5,13.1,86,0.0,11.1,2910,1017.8
San Martino in Pensilis,2021-11-05T21:00,13.4,13.0,86,0.04,11.1,2868,1017.3
San Martino in Pensilis,2021-11-05T22:00,13.4,13.0,86,0.04,11.1,2904,1017.3
San Martino in Pensilis,2021-11-05T23:00,13.4,13.0,87,0.0,11.2,3028,1017.3
San Martino in Pensilis,2021-11-06T00:00,13.4,13.2,87,0.0,11.2,3048,1017.8
San Martino in Pensilis,2021-11-06T01:00,13.5,13.3,87,0.0,11.2,3052,1018.3
San Martino in Pensilis,2021-11-06T02:00,13.4,13.3,87,0.0,11.1,3070,1018.3
San Martino in Pensilis,2021-11-06T03:00,13.3,13.2,86,0.0,10.9,3086,1018.8
San Martino in Pensilis,2021-11-06T04:00,13.3,13.2,86,0.0,10.9,3098,1019.3
San Martino in Pensilis,2021-11-06T05:00,13.3,12.9,84,0.0,10.6,3078,1019.8
San Martino in Pensilis,2021-11-06T06:00,13.3,12.9,83,0.0,10.4,3080,1020.4
San Martino in Pensilis,2021-11-06T07:00,13.3,13.0,83,0.0,10.4,3082,1020.9
San Martino in Pensilis,2021-11-06T08:00,13.7,13.3,81,0.0,10.4,3086,1021.4
San Martino in Pensilis,2021-11-06T09:00,14.0,13.4,78,0.0,10.3,3068,1021.9
San Martino in Pensilis,2021-11-06T10:00,14.2,13.3,78,0.0,10.5,3070,1022.4
San Martino in Pensilis,2021-11-06T11:00,14.3,13.2,79,0.06,10.7,3006,1022.4
San Martino in Pensilis,2021-11-06T12:00,13.8,13.2,86,0.68,11.3,2976,1022.4
San Martino in Pensilis,2021-11-06T13:00,13.5,13.2,89,0.88,11.7,3066,1021.9
San Martino in Pensilis,2021-11-06T14:00,13.5,13.5,91,3.56,12.1,3020,1021.9
San Martino in Pensilis,2021-11-06T15:00,13.9,13.9,91,1.31,12.3,2996,1021.9
San Martino in Pensilis,2021-11-06T16:00,13.7,12.9,95,1.77,12.8,3050,1021.9
San Martino in Pensilis,2021-11-06T17:00,13.5,12.5,94,2.59,12.5,3158,1021.9
San Martino in Pensilis,2021-11-06T18:00,13.5,12.9,93,1.17,12.2,3150,1022.4
San Martino in Pensilis,2021-11-06T19:00,13.4,13.1,93,2.63,12.1,3120,1022.4
San Martino in Pensilis,2021-11-06T20:00,13.3,13.2,93,2.0,12.1,3076,1021.9
San Martino in Pensilis,2021-11-06T21:00,13.3,13.2,92,1.27,11.9,3226,1021.9
San Martino in Pensilis,2021-11-06T22:00,13.3,13.3,90,0.17,11.7,3234,1021.9
San Martino in Pensilis,2021-11-06T23:00,13.3,13.4,91,0.18,11.7,3280,1021.4
San Martino in Pensilis,2021-11-07T00:00,13.2,13.2,90,0.01,11.5,3284,1020.9
San Martino in Pensilis,2021-11-07T01:00,13.3,13.5,90,0.0,11.5,3286,1020.4
San Martino in Pensilis,2021-11-07T02:00,13.3,13.5,90,0.0,11.6,3326,1020.4
San Martino in Pensilis,2021-11-07T03:00,13.4,13.7,89,0.0,11.6,3382,1020.4
San Martino in Pensilis,2021-11-07T04:00,13.3,13.5,89,0.0,11.5,3412,1019.8
San Martino in Pensilis,2021-11-07T05:00,13.3,13.5,90,0.0,11.6,3462,1019.8
San Martino in Pensilis,2021-11-07T06:00,13.2,13.2,90,0.0,11.6,3512,1019.8
San Martino in Pensilis,2021-11-07T07:00,13.3,13.2,89,0.0,11.5,3522,1019.8
San Martino in Pensilis,2021-11-07T08:00,13.8,13.8,88,0.0,11.7,3508,1020.4
San Martino in Pensilis,2021-11-07T09:00,14.6,14.6,86,0.01,12.2,3554,1019.8
San Martino in Pensilis,2021-11-07T10:00,15.4,15.7,85,0.0,12.8,3514,1019.8
San Martino in Pensilis,2021-11-07T11:00,16.0,16.1,84,0.0,13.3,3476,1019.8
San Martino in Pensilis,2021-11-07T12:00,16.5,16.7,84,0.0,13.6,3486,1018.8
San Martino in Pensilis,2021-11-07T13:00,16.1,16.0,86,0.0,13.7,3482,1018.8
San Martino in Pensilis,2021-11-07T14:00,16.5,16.7,84,0.0,13.7,3466,1018.3
San Martino in Pensilis,2021-11-07T15:00,16.2,16.3,87,0.05,13.8,3472,1018.3
San Martino in Pensilis,2021-11-07T16:00,15.9,16.3,88,0.0,13.8,3466,1017.8
San Martino in Pensilis,2021-11-07T17:00,15.4,16.0,91,0.0,13.9,3470,1018.3
San Martino in Pensilis,2021-11-07T18:00,15.1,15.8,94,0.0,14.0,3538,1018.3
San Martino in Pensilis,2021-11-07T19:00,15.0,16.0,94,0.0,13.9,3516,1017.8
San Martino in Pensilis,2021-11-07T20:00,14.8,15.9,95,0.0,13.9,3528,1017.8
San Martino in Pensilis,2021-11-07T21:00,14.6,15.7,96,0.0,13.9,3538,1017.8
San Martino in Pensilis,2021-11-07T22:00,14.5,15.4,97,0.0,13.9,3540,1017.8
San Martino in Pensilis,2021-11-07T23:00,14.4,15.3,97,0.0,13.8,3528,1017.3
San Martino in Pensilis,2021-11-08T00:00,14.3,15.4,97,0.0,13.8,3508,1017.3
San Martino in Pensilis,2021-11-08T01:00,14.2,15.2,97,0.0,13.7,3468,1017.3
San Martino in Pensilis,2021-11-08T02:00,14.2,15.1,97,0.01,13.6,3428,1016.8
San Martino in Pensilis,2021-11-08T03:00,14.1,14.8,97,0.01,13.6,3380,1016.8
San Martino in Pensilis,2021-11-08T04:00,14.1,14.7,97,0.01,13.5,3306,1016.3
San Martino in Pensilis,2021-11-08T05:00,14.0,14.8,97,0.8,13.5,3230,1015.8
San Martino in Pensilis,2021-11-08T06:00,13.9,15.1,98,0.8,13.6,3144,1015.8
San Martino in Pensilis,2021-11-08T07:00,13.9,14.7,99,0.8,13.6,3070,1015.8
San Martino in Pensilis,2021-11-08T08:00,14.1,14.9,98,1.03,13.7,3084,1015.8
San Martino in Pensilis,2021-11-08T09:00,14.4,15.2,96,1.03,13.8,3132,1016.3
San Martino in Pensilis,2021-11-08T10:00,14.8,15.5,94,1.03,13.8,3180,1016.8
San Martino in Pensilis,2021-11-08T11:00,15.0,15.6,93,0.73,13.8,3172,1016.8
San Martino in Pensilis,2021-11-08T12:00,15.1,15.6,92,0.73,13.7,3144,1016.3
San Martino in Pensilis,2021-11-08T13:00,15.3,15.5,91,0.73,13.7,3112,1015.8
San Martino in Pensilis,2021-11-08T14:00,15.2,15.5,91,0.38,13.7,3100,1015.8
San Martino in Pensilis,2021-11-08T15:00,15.1,15.4,93,0.38,13.8,3092,1015.8
San Martino in Pensilis,2021-11-08T16:00,14.9,15.3,94,0.38,13.8,3086,1015.8
San Martino in Pensilis,2021-11-08T17:00,14.9,15.5,94,0.17,13.8,3086,1016.3
San Martino in Pensilis,2021-11-08T18:00,14.9,15.7,93,0.17,13.7,3090,1016.8
San Martino in Pensilis,2021-11-08T19:00,14.9,15.6,92,0.17,13.6,3090,1017.3
San Martino in Pensilis,2021-11-08T20:00,14.8,15.5,92,0.0,13.5,3080,1017.8
San Martino in Pensilis,2021-11-08T21:00,14.7,15.5,92,0.0,13.4,3066,1017.8
San Martino in Pensilis,2021-11-08T22:00,14.6,15.4,93,0.0,13.4,3056,1018.3
San Martino in Pensilis,2021-11-08T23:00,14.6,15.3,93,0.01,13.4,3062,1018.3
San Martino in Pensilis,2021-11-09T00:00,14.5,15.2,94,0.01,13.4,3074,1018.8
San Martino in Pensilis,2021-11-09T01:00,14.5,15.1,94,0.01,13.4,3092,1018.8
San Martino in Pensilis,2021-11-09T02:00,14.5,15.1,93,0.04,13.4,3102,1018.8
San Martino in Pensilis,2021-11-09T03:00,14.6,15.2,93,0.04,13.4,3114,1018.8
San Martino in Pensilis,2021-11-09T04:00,14.7,15.3,92,0.04,13.3,3120,1019.3
San Martino in Pensilis,2021-11-09T05:00,14.7,15.3,92,0.01,13.3,3116,1019.3
San Martino in Pensilis,2021-11-09T06:00,14.6,15.3,93,0.01,13.4,3106,1019.8
San Martino in Pensilis,2021-11-09T07:00,14.6,15.4,93,0.01,13.4,3098,1020.4
San Martino in Pensilis,2021-11-09T08:00,14.9,15.7,93,0.0,13.6,3104,1020.9
San Martino in Pensilis,2021-11-09T09:00,15.2,16.0,92,0.0,13.8,3116,1021.9
San Martino in Pensilis,2021-11-09T10:00,15.8,16.6,90,0.0,14.1,3140,1022.4
San Martino in Pensilis,2021-11-09T11:00,16.3,17.2,89,0.0,14.4,3168,1022.9
San Martino in Pensilis,2021-11-09T12:00,16.9,17.9,87,0.0,14.7,3204,1022.9
San Martino in Pensilis,2021-11-09T13:00,17.5,18.6,86,0.0,15.1,3240,1022.9
San Martino in Pensilis,2021-11-09T14:00,17.2,18.1,88,0.0,13.9,3268,1023.0
San Martino in Pensilis,2021-11-09T15:00,16.9,17.7,89,0.0,13.9,3314,1023.0
San Martino in Pensilis,2021-11-09T16:00,16.5,17.2,91,0.0,13.9,3374,1023.5
San Martino in Pensilis,2021-11-09T17:00,16.3,17.1,92,0.0,13.9,3424,1023.5
San Martino in Pensilis,2021-11-09T18:00,16.1,16.9,93,0.0,13.8,3474,1024.0
San Martino in Pensilis,2021-11-09T19:00,15.8,16.7,94,0.0,13.8,3502,1024.5
San Martino in Pensilis,2021-11-09T20:00,15.6,16.3,93,0.01,13.7,3470,1025.0
San Martino in Pensilis,2021-11-09T21:00,15.4,16.0,93,0.01,13.6,3406,1025.0
San Martino in Pensilis,2021-11-09T22:00,15.1,15.6,91,0.01,13.5,3322,1025.5
San Martino in Pensilis,2021-11-09T23:00,15.0,15.4,91,0.01,13.4,3272,1025.5
San Martino in Pensilis,2021-11-10T00:00,14.9,15.2,91,0.01,13.3,3224,1025.5
San Martino in Pensilis,2021-11-10T01:00,14.8,15.0,90,0.01,13.0,3194,1025.5
San Martino in Pensilis,2021-11-10T02:00,14.8,14.9,89,0.02,12.8,3218,1025.5
San Martino in Pensilis,2021-11-10T03:00,14.8,14.8,88,0.02,12.5,3270,1025.5
San Martino in Pensilis,2021-11-10T04:00,14.8,14.7,87,0.02,12.3,3332,1025.5
San Martino in Pensilis,2021-11-10T05:00,14.7,14.5,87,0.21,12.2,3352,1025.5
San Martino in Pensilis,2021-11-10T06:00,14.4,14.4,87,0.21,12.1,3364,1025.5
San Martino in Pensilis,2021-11-10T07:00,14.4,14.4,87,0.21,12.2,3368,1025.0
San Martino in Pensilis,2021-11-10T08:00,14.8,14.7,86,0.02,12.6,3354,1025.5
San Martino in Pensilis,2021-11-10T09:00,15.3,15.1,84,0.02,13.1,3332,1025.5
San Martino in Pensilis,2021-11-10T10:00,15.9,15.6,82,0.02,13.7,3320,1025.5
San Martino in Pensilis,2021-11-10T11:00,16.1,15.8,82,0.01,13.8,3342,1025.5
San Martino in Pensilis,2021-11-10T12:00,16.2,15.9,83,0.01,13.8,3384,1025.0
San Martino in Pensilis,2021-11-10T13:00,16.1,16.0,84,0.01,13.8,3426,1024.5
San Martino in Pensilis,2021-11-10T14:00,16.0,16.0,86,0.0,13.8,3432,1024.5
San Martino in Pensilis,2021-11-10T15:00,15.8,16.0,87,0.0,13.9,3428,1024.0
San Martino in Pensilis,2021-11-10T16:00,15.5,15.9,89,0.0,13.9,3436,1024.0
San Martino in Pensilis,2021-11-10T17:00,15.3,15.8,91,0.0,13.9,3470,1024.0
San Martino in Pensilis,2021-11-10T18:00,14.9,15.7,93,0.0,13.8,3520,1024.0
San Martino in Pensilis,2021-11-10T19:00,14.6,15.6,96,0.0,13.7,3568,1023.5
San Martino in Pensilis,2021-11-10T20:00,14.5,15.5,97,0.0,13.7,3574,1023.5
San Martino in Pensilis,2021-11-10T21:00,14.4,15.3,97,0.0,13.7,3564,1023.5
San Martino in Pensilis,2021-11-10T22:00,14.3,15.1,98,0.0,13.6,3538,1023.5
San Martino in Pensilis,2021-11-10T23:00,14.2,15.0,98,0.01,13.6,3510,1023.5
